news_id,company,date,fullarticle
1,연합뉴스,2020.10.25," 정부가 이르면 이번 주 임대주택 공급 등 전세시장 안정을 위한 전세대책을 발표한다. 25일 기획재정부와 국토교통부 등 관계 부처에 따르면, 정부는 이르면 이번 주, 늦어도 다음주에는 전세시장 안정대책을 발표할 계획이다. 정부 관계자는 ""시장 상황을 예의주시하는 수준을 넘어 어떤 형태로든 대응 방안을 마련하는 것이 옳다고 보고 관계부처 간 협의를 진행하고 있다""면서 ""완전히 새로운 대책을 낸다기보다 기존 부동산 정책의 방향성을 유지하는 가운데 일부 부작용을 보완하는 형태가 될 것""이라고 밝혔다."
2,서울경제,2020.10.25, 정부가 이르면 이번 주 임대주택 공급 등 전세시장 안정을 위한 전세대책을 발표한다. 이런 가운데 임대차 3법 강행으로 '전세대란'의 불길이 잠잠하던 월세 시장으로까지 번지고 있다. 새 임대차법이 시행된 지 석 달이 가까워지는 가운데 전세매물 품귀 속에 월세 전환이 가속화된 데 따른 것이다.
3,한국경제,2020.10.25," 서울 송파구의 한 아파트에서 전세를 살고 있는 주부 김모씨는 계약 기간 만료를 앞두고 고민이 많다. 이 일대의 전셋값이 2년 전보다 2억5000만원가량 오르자 집주인이 상승한 전세가격 만큼 월 0.6%의 월세를 요구한 것이다. 김씨는 ""집주인이 전세금 5억원은 그대로 둔 채 따로 월세를 150만원이나 받겠다고 해서 걱정""이라며 ""이 일대에 전·월세가 워낙 없고 집주인의 요구를 거절했다간 실거주하겠다고 나올까봐 망설이고 있다""고 말했다."
4,데일리안,2020.10.24, 현 정권과 집권 더불어민주당이 강행 추진해 전세대란을 야기한 '임대차 3법'은 위헌 소지가 크다는 전문가의 용역보고서가 나왔다. 아울러 '임대차 3법'으로 인해 각지에서 임대인과 임차인 간의 분쟁이 빈발함으로써 사회적 유대감·연대를 훼손하게 돼 헌법의 기본원리인 '사회적 시장경제질서'에도 정면으로 위배된다는 결론이다. 앞서 집권여당인 더불어민주당 의원이 의뢰한 설문조사에서도 국민들이 '임대차 3법'으로 인한 전세대란을 심각하게 여긴다는 결과가 나오기도 했다.
5,데일리안,2020.10.25," 이른바 '임대차 3법'이라고 불리는 주택임대차보호법이 시행된 지 채 세 달도 되지 않아 몇몇 지역을 중심으로 전셋값이 크게 뛰고 있다. 업계 관계자는 ""생활편의시설 및 교통여건 등 인프라가 풍부하게 갖춰진 인기지역은 규제가 적용되도 '옥석가리기'에 나선 사람들로 인해 늘 수요가 많다""며 임대차 3법 영향으로 전세가율이 두드러지게 상승한 서울, 경기, 대전 등의 지역들 역시 이처럼 '우수지역'이라는 인식을 바탕으로 주목받고 있는 상황이다라고 말했다. 서울과 경기, 대전 지역에서 전셋값이 지속적으로 상승하면서 아파트 갈아타기 부담이 낮아지며, 이들 지역의 신규 분양에 대한 관심이 높아지고 있다."
6,서울경제,2020.10.23," 홍기원 더불어민주당 의원은 ""현재 금리가 역대 최저치로 내려갔고 시중에 돈은 넘쳐 흘려 부동산 가격이 올라갈 최적의 상황이 됐다""며 ""결국 부동산 매매를 통한 수익을 낮출 수밖에 없고, 그런 측면에서 보유세 등을 강화한 2018년 9·13 대책이 시장가격 상승을 억제하는 효과가 있었다""고 말했다. 홍 의원은 전세시장 불안에 대해서도 ""임대차 3법 통과로 예상된 상황""이라며 ""임대시장이 안정화될 때까지 어느 정도 시간이 필요하다""고 덧붙였다. 이에 대해 김 장관은 ""부동산 종합대책 중에서 9·13 대책이 시장에 긍정적인 영향을 줬다고 평가하고 있다""며 ""9·13 대책 이후 작년 초까지 시장이 안정됐으나 이후 금리가 인하되면서 시장이 상승 전환된 측면이 있다""고 말했다."
7,SBS,2020.10.23, 전세 낀 집을 매매할 때 기존 세입자가 계약갱신청구권을 행사했는지 여부를 기재하게 하는 내용의 임대차계약서 개정안이 나왔습니다. 또 현재 임대차 기간과 계약갱신 시 임대차 기간은 언제인지도 쓰도록 했습니다. 이렇게 되면 공인중개사는 집 매매 계약을 중개할 때 기존 세입자로부터 계약갱신청구권 행사와 관련한 명확한 의사를 확인하고 계약서에 기재해야 하게 됩니다.
8,뉴스1,2020.10.23," 김현미 국토교통부 장관은 내년 6월 임대차 신고제가 정착하면 월세 세액공제 등 세입자 부담 경감방안이 합리적으로 이뤄질 수 있을 것이라고 밝혔다. 이날 박 의원은 ""세액공제가 가능한 주택의 기준시가는 높이고 세액공제 한도도 확대해줄 필요가 있다""면서 ""전세난 해결을 위해 월세 임차인에 대한 혜택을 늘려 월세에서 전세로 옮겨가는 수요를 차단해야 할 필요가 있다""고 강조했다. 이에 대해 김 장관은 ""세액공제라든가 세입자 부담을 덜어 줄 수 있는 것에 대해 재정당국과 함께 협의해서 마련하겠다""며 ""이를 위해선 임대차 시장 전체의 데이터가 확보돼야 하는데 임대차 신고제 정착으로 이를 실현할 수 있다""고 말했다."
9,세계일보,2020.10.23," 정부·여당이 지난 7월 30일 단독으로 처리한 임대차 3법이 각종 부작용을 야기하는 가운데 위헌이라는 비판이 제기됐다. 보고서는 계약갱신청구권과 전월세상한제는 임대인과 임차인 간의 계약의 자유를 심각하게 침해하여 경제적 기본권인 재산권에 대한 침해가 우려되며 임대차3법이 야기하고 있는 임대인과 임차인 간의 분쟁은 사회적 유대감·연대를 크게 해치게 되어 헌법의 기본원리인 '사회적 시장경제질서'원리를 정명으로 위배하는 것이라고 결론지었다. 김은혜 의원은 ""축조심사도 거치지 않고 소급적용된 임대차3법의 부작용으로 온 국민들이 신음하고 있다""며 ""헌법에 배치되는 조치로 인한 피해는 온전히 국민들에 전가된다""고 주장했다."
10,헤럴드경제,2020.10.25," 서울 용산구 서빙고동 신동아아파트 210㎡가 이달 17일 보증금 1억원, 월세 380만원에 임대차 계약을 맺었다. 사실상 전셋값이 1~2억원씩 오르는 상황에서, 새로 맺는 계약의 경우 가격 상승분의 월세 전환은 '시세'에 맞춰 결정된다는 것이다. 실제 종전 전월세전환율 권고비율인 4.0%로 계산하면 신동아아파트 210㎡의 보증금 1억원, 월세 380만원의 전세보증금은 12억4000만원으로 직전 전세계약금과 차이가 좁혀진다."
11,뉴스1,2020.10.23," 임대를 준 집주인 중 절반 이상은 금융자산 처분만으로 세입자의 임대보증금을 반환할 수 있는 것으로 나타났다. 23일 김상훈 국민의힘 의원이 통계청의 2019년 가계금융복지조사 자료를 분석한 결과 2019년 현재 임대보증금 부채가 있는 약 326만8000여가구 중 현재 보유한 금융자산이 세입자의 임대보증금보다 더 많은 가구는 193만7000여가구로 59.3%를 차지했다. 단순 계산으론 임대가구 10가구 중 6가구는 현금, 저축, 펀드, 주식, 임차금 등 단기간에 현금화할 수 있는 자산을 처분해 세입자에게 임대보증금을 돌려줄 수 있다."
12,매일경제,2020.10.22," 정부가 수도권 전세난이 안정을 보인다고 주장하고 있지만 여당 의원이 시민을 대상으로 진행한 여론조사에서조차 응답자 중 3분의 2가 ""전세난이 심각하다""고 인식하는 것으로 드러났다. 홍 부총리는 양향자 더불어민주당 의원이 '전세난 해결을 위한 실효성 있는 대책을 준비하고 있느냐'고 묻자 ""정부가 지금까지 발표한 정책을 착실하고 일관성 있게 추진하는 게 가장 중요할 것""이라고 말했다. 이어 그는 ""정부로서는 무조건 추가 대책을 만들어내는 게 아니고 지금의 전세시장 불안정성을 완화할 수 있는, 정부가 할 수 있는 또 다른 가능성이 있는지, 대책의 여지가 있는지 모색해보고 있다""면서도 일단 주력해야 하는 것은 발표한 정책을 흔들림 없이 추진하는 것이라고 강조했다."
13,한국경제,2020.10.23, 전셋값이 지역을 가리지 않고 급등하는 가운데 내년 이후 더욱 불안한 양상을 보일 수 있다는 전망이 고개를 들고 있다. 통상 새 아파트가 입주할 땐 집주인들이 경쟁적으로 세입자를 구하기 때문에 정상 임대시세보다 낮은 가격에 임대차계약이 맺어진다. 그러나 계약갱신청구권과 전월세상한제가 경과조치 없이 소급 적용되면서 싸게 세입자를 들였던 집주인들은 보증금을 4년 동안 동결해야 할 처지에 놓였다.
14,디지털타임스,2020.10.22," 야당이 22일 홍남기 경제부총리 겸 기획재정부 장관의 '전세 난민' 처지를 지렛대 삼아 정부의 부동산 정책 비판을 이어갔다. 홍 부총리는 "" 잘 마무리되고 있지만 개인 생활에 관한 것이라 더 답변하지는 않겠다""며 ""임대차 3법으로 대다수 전세를 사는 분들이 혜택을 받았다고 생각하며 새로 구하시는 분들은 어려움이 있다는 것도 알고 있다""고 답했다. 김 의원은 ""애덤 스미스가 말한 '보이지 않는 손'으로 작동하던 전세 시장을 '보이는 손'으로 조정하려다 평지풍파가 난 것""이라며 ""종부세도 1주택자는 완화해야 하지만 홍 부총리는 부담하는 국민이 1%로 소수에 불과하다며 계속 개선의 뜻을 밝히지 않고 있다""고 설명했다."
15,데일리안,2020.10.23," 임대차3법으로 인해 피해를 입거나 입을 위기에 있는 국민들의 목소리가 국회 국정감사장에 전해졌다. 김은혜 의원은 김 장관의 답변에 대해 ""바로 답변이 어려울 것 같아서 사전에 충분히 숙고할 수 있도록 미리 알려드렸는데도 허탈한 답변만 돌아왔다""며 ""임대차3법은 위헌 소지가 있다고 판단되는 만큼 이제 법안으로 이 문제를 해결하겠다""고 밝혔다. 김 의원은 이어 전세대란이 임대차3법 등 신규 물량 부족 때문이라는 경고에도 불구하고 정부가 이를 저금리 탓으로 돌리는 것에 대해 ""저금리 기조는 갑자기 생긴 것이 아니며 지금까지 무리 없이 시장이 유지돼 왔다""며 ""저금리든 고금리든 주택가격을 안정시키는 것이 정부의 의무인데, 지난번엔 유동성과잉 이번에는 저금리 탓이라는 정부의 발상은 무책임하다""고 꼬집었다."
16,동아일보,2020.10.24," 이 칼럼이 지면에 실린 1990년 2월은 서울 아파트 전세가격이 한 달에 13.36% 상승하며 폭등세를 보였던 시기다. 이창무 한양대 도시공학과 교수는 ""1990년 임대차 계약기간을 2년으로 늘리는 방안은 제도 자체가 매우 단순해 단기 충격에 그칠 수 있었지만 이번엔 그렇지 않다""며 ""기존의 다른 규제에 갱신권, 상한제 등이 한꺼번에 작동해 현재의 전세가격 상승세는 시작에 불과할 가능성이 높다""고 지적했다. 서울 강남권에 아파트를 보유하고 있으면서 직장 문제 등으로 다른 지역에서 전세를 살고 있던 강모 씨는 최근 전셋집을 나와야 했다."
17,머니투데이,2020.10.23," 집주인이 실거주를 이유로 세입자의 계약갱신을 거절 한 뒤 주택을 매도해도 임대차법상 세입자를 보호할 수 없어 보완이 필요하다는 지적이 제기됐다. 이 같은 사유가 아닌데도 정당한 이유 없이 제3자에게 해당 주택을 임대한 경우는 갱신거절로 인해 세입자가 입은 손해를 배상해야 한다. 집주인이 ""내가 살겠다""고 하고 세입자를 내보낸 뒤 주택을 매도하는 경우 현행 임대차보호법 상 세입자는 손해비상청구를 할 수 없다."
18,파이낸셜뉴스,2020.10.19," 민간 임대주택사업자들이 개정된 '민간임대주택에 관한 특별법'과 '주택임대차보호법'에 대해 헌법소원심판을 청구했다. 이 변호사는 또 임대차 2법을 개정한 것 역시 명백한 국민 기본권 침해라고 주장했다. 이 변호사는 ""임대차보호법 개정으로 계약갱신청구권을 2년 연장한 것과 임대료 증액을 5% 내로 제한한 것은 국민의 재산권과 계약의 자유를 침해했고 사업 자체를 포기하게 한 것""이라고 언급했다."
19,서울신문,2020.10.23," 김현미 국토교통부 장관이 전세난 해결을 위해 월세 세액공제를 확대하는 방안을 기획재정부와 논의하겠다고 밝혔다. 하지만 김 장관은 2018년 9·13 대책이 부동산 시장 안정화에 긍정적인 영향을 미쳤는데, 이후 금리인하 때문에 시장 불안이 반복됐다고 국토부의 입장을 재확인해 논란이 예상된다. 김 장관은 23일 국회 국토교통위원회 국정감사에서 박상혁 더불어민주당 의원이 월세에 대한 세액공제를 확대하는 방안을 제시하자 ""세액공제 등을 통해 세입자의 부담을 덜어주는 방안에 대해 공감한다""면서 ""이 문제에 대해서는 재정당국과 협의가 필요한 사안인 만큼 협의하도록 하겠다""고 말했다."
20,헤럴드경제,2020.10.20, 국토교통부가 최근 전세시장 불안의 가장 큰 원인으로 '저금리'를 지목했다. 새 임대차법 시행 이후 전세매물의 씨가 말랐다는 현장의 목소리는 외면한 채 방어논리만 펼치고 있다는 비판도 거세다. 국토교통부는 19일 보도 설명자료를 통해 새 임대차법 시행과 전세에서 월세로의 전환 추세는 직접적인 인과관계가 없다고 밝혔다.
21,한겨레,2020.10.22," 2013년부터 서울 동작구에서 피시방 두 곳을 운영해온 김기도씨는 코로나19 확산 이후 평균 매출이 예전의 20~30% 수준으로 뚝 떨어졌다. 다만 우리와 달리 임대료 조정과 관련해 임대인과 임차인에게 협상 의무를 부여해 책임 권한을 명확히 했다. 코로나19와 관련해 최근 상가임대차 보호 입법례를 조사한 김명수 국회도서관 전문경력관은 ""코로나 유행으로 모든 국민이 고통을 겪고 있으므로 분쟁이 발생할 경우 당사자 사이에 원만히 해결할 수 있는 제도적 장치가 강구돼야 하고, 임대인에 대한 보호 대책도 충분히 고려해 임대차 보호 방안을 마련해야 한다""고 짚었다."
22,SBS,2020.10.21," 인천국제공항 제5활주로 예정 지역에 위치한 스카이72 골프장의 운영권을 놓고 인천국제공항공사와 스카이72 간의 분쟁이 벌어지고 있는 가운데, 국민권익위원회가 이와 관련한 심의 결과를 내놓았습니다. 국민권익위원회는 이와 관련해 스카이72와 공항공사 간의 계약이 '민법상 임대차 계약'이라는 의견을 냈습니다. 하지만 권익위의 의견이 법적 강제력이 있는 것은 아니고, 양측에 분쟁을 원만하게 처리할 것을 '권고'한 것인 만큼, 공항공사와 스카이72 간의 장기간 법적 다툼은 여전히 불가피해 보이는 상황입니다."
23,매일신문,2020.10.20," 시무 7조' 상소문을 올렸던 진인 조은산이 20일 자신의 블로그에 '한양백서'라는 글로 문재인 정부가 추진하는 부동산 정책, 대북 정책, 검찰 개혁 등을 조목조목 풍자했다. 조은산은 임대차보호법이 부동산 시장의 과열을 막는 근본적인 해결책이 아니라는 뜻으로 ""배출구를 잃은 인간의 욕구가 똥 덩어리가 되어 수면 위를 덮었지만, 조정 대신들은 똥물 위에 토사물을 덮어 악취를 상쇄하자는 '토사물 3법'을 발의했다""고 했다. 또 조은산은 '전세 난민' 처지가 된 홍남기 경제부총리를 빗대 ""토사물 3법을 입안했던 호조판서가 가장 먼저 토사물에 갇혀 허우적댔는데 백성들은 이를 두고 자승자박이라며 조롱했다""고도 했다."
24,조선일보,2020.10.23," 정일영 의원, 수도권 1000명 설문 수도권 주민 3명 중 2명은 ""전세난이 심각하다""고 답변한 설문조사 결과가 공개됐다. 전세난 원인을 묻는 질문에 응답자의 57.6%가 '정부의 제도 변경에 따른 신규 전세 물량 부족'을 지목했다. 정부·여당은 지난 7월 31일 ""서민의 주거 안정을 위한다""며 계약갱신청구권, 전월세 상한제 도입 등을 골자로 하는 새 임대차보호법을 시행했는데 이 시점을 전후해 전세 물량이 급감한 것으로 본다는 의미다"
25,한겨레,2020.10.19," 계약갱신청구권제와 전·월세 상한제를 뼈대로 한 새 주택 임대차보호법을 다시 개정해야 한다는 의견이 국민 절반에 가까운 것으로 집계됐다. 여론조사 기관 리얼미터가 지난 16일 전국 성인 500명을 대상으로 조사한 결과, 임대차보호법을 개정해야 한다는 응답은 전체의 절반 가까운 48.1%로 나타났다고 19일 밝혔다. 내용을 유지하고 효과를 더 지켜봐야 한다'는 응답은 38.3%였다."
26,파이낸셜뉴스,2020.10.23," 전세대란이 월세 시장까지 혼란스럽게 만드는 모양새다. 지난달 서울 아파트 월세지수가 사상 처음으로 101을 넘어선 가운데, 상승률 또한 0.8%에 육박해 관련 통계가 작성된 이후 가장 큰 폭으로 뛴 것으로 파악됐다. 23일 KB국민은행 월간주택동향에 따르면 9월 서울 아파트 월세지수가 0.8포인트 올라 101.2를 기록했다."
27,머니투데이,2020.10.24," 중산층 대상으로 하는 전용 85㎡ 공공임대주택 대책이 다음달 발표된다. 김 장관은 ""월세 임차인의 세액공제 기준, 한도 확대를 적극 검토해 돌파할 필요가 있다""는 박상혁 더불어민주당 의원 지적에 대해 ""세액공제를 통해 세입자의 부담을 덜어 줄 수 있는 것에 공감하고 있다. 재정당국과 협의해 나가도록 하겠다""고 답했다. 김 장관은 또 ""기본적으로 임대차 시장 전체 데이터가 확보돼야 소외되지 않고 세제혜택 받을 수 있다""며 ""내년 6월부터 임대차 신고제가 시작돼 정착되면 임대소득에 대한 과세와 함께 세액공제도 함께 합리적으로 이뤄질 수 있을 것""이라고 강조했다."
28,헤럴드경제,2020.10.24," 테스형 전세시장 왜이래'를 다룬 네이버 TV '성시경쇼'를 보실 수 있습니다. 전세시장이 요동치는 상황에서 홍 부총리의 발언이 나오자 향후 정부의 정책 방향에도 관심이 집중된다. 서울·수도권 부동산 임대시장은 최근 전세 비중이 줄고, 월세 비중은 커져나가는 모습."
29,서울신문,2020.10.22," 정부가 '전세 파동'을 막기 위한 부동산 추가 대책을 시사한 가운데 시장에서는 '임대차 3법보다 더 센 놈이 올까' 하는 우려의 목소리가 크다. 또 입주까지 시간이 꽤 걸려 당장 도움이 되지 않는 데다 물량이 크게 늘지 않은 상황에서 대상만 늘리면 오히려 경쟁률만 높아져 임차인에게 큰 도움이 되지 않는다는 지적도 나온다. 송승현 도시와경제 대표는 ""연도별로 지속적인 임대주택 공급 계획과 함께 민간등록임대사업자 혜택을 늘리거나 주택임대 의무기간을 채우지 못해도 매매할 수 있도록 일시적 완화 요건을 확대하는 식으로 시장에 매물이 나오도록 공급 확대 방안에 주력해야 한다""고 조언했다."
30,뉴시스,2020.10.23," 23일 국회 국토교통위원회의 국토교통부에 대한 종합 국정감사에서 전세시장 불안 문제를 두고 서로 다른 진단으로 여야가 공방을 벌였다. 같은 당 이종배 의원도 ""전셋값 상승이 기준금리 인하 탓이라고 주장하는 것은 잘못됐다""며 ""또 전세 거래량이 예년에 비해 감소하지 않았다고 정부는 주장하지만 국민들은 줄었다고 느끼고 있고 실제 줄어들고 있다""고 주장했다. 김 장관은 최근 전세가격에 대해서는 ""시장은 아직도 상승세가 지속되고 있으니까 불안한 상황이긴 하다""라며 ""상승폭이 줄어드는 상태로 보였는데 최근 2주 사이에는 조금 더 봐야 할 것 같다""라고 말했다."
31,YTN,2020.10.25," 정부가 이르면 이번 주 임대주택 공급 등 전세시장 안정을 위한 전세대책을 발표합니다. 기획재정부와 국토교통부에 따르면 정부는 이르면 이번 주, 늦어도 다음 주에는 전세시장 안정대책을 발표할 계획입니다. 정부 관계자는 ""대응 방안 마련을 위해 관계부처 간 협의를 진행하고 있다""면서 ""기존 부동산 정책의 방향성을 유지하는 가운데 일부 부작용을 보완하는 형태가 될 것""이라고 밝혔습니다."
32,헤럴드경제,2020.10.25, 정부가 이르면 이번주 발표할 전세시장 안정 대책은 임대주택 공급에 방점이 찍힐 것으로 보인다. 주택 매매가격과 전세가격이 상호 영향을 미치는 관계이다 보니 전세 수요자를 돕는 정책이 간신히 진정 기미를 보이는 부동산 시장에 다시 한번 기름을 붓는 구조가 될 수 있다. 전통적 전세대책 적용 불가… 표준임대료 도입에도 난색=실제로 역대 정부의 전월세 시장 안정방안을 보면 핵심이 전세 수요를 매매로 전환하는 방식이었다.
33,뉴스1,2020.10.25," 계약갱신청구권, 전·월세 상한제를 담은 새 주택임대차보호법이 지난 7월 말 시행된 후, '전세 대란'을 넘어 이제 월세 시장마저 들썩이고 있다. 월 0.78% 상승세가 1년간 이어지면 전체 월세 시장의 평균 가격이 10% 가까이 오르는 셈이다. 수도권 월세 상승률도 지난달 0.67%로 역대 최고치를 기록했다."
34,디지털타임스,2020.10.25," 정부의 새 임대차법 시행으로 촉발된 전세난이 서울과 수도권뿐만 아니라 지방 대도시를 중심으로 확산하고 있다. 5563가구의 송파구 잠실동 리센츠는 현재 전세로 나와 있는 물건이 2개에 불과하다. 이 아파트는 지난 22일 전용면적 84.99㎡가 보증금 11억원에 전세 계약서를 쓴 것이 가장 최근 거래인데, 현재 같은 면적의 호가는 13억원까지 올랐다."
35,서울경제,2020.10.25," 최근 전국 곳곳에서 전셋값이 급등하며 매매가와 차이가 좁혀지고 있다. 서대문구 인왕산현대 전용 59㎡ 또한 지난 12일 4억 5,000만원에 전세 계약돼 매매가와 격차가 3억원 수준으로 줄었다. 해당 단지는 지난 6월부터 시세가 급등하면서 매매가와 전세가의 차이가 커졌지만, 최근 전셋값이 급등하면서 그 차이가 다시 줄었다."
36,뉴시스,2020.10.25," 서울 아파트 전세가격이 큰 폭으로 상승하고 있는 가운데, 매매가격 상승폭이 확대되고 있다. KB부동산 리브온에 따르면 지난주 서울 아파트 매매가격은 0.31% 올라 전주보다 상승 폭을 키웠다. 서울 아파트 매매가격은 주로 비강남권을 중심으로 상승했다."
37,디지털타임스,2020.10.25, 아파트 '전세대란'이 가을 이사철을 맞아 서울과 수도권을 넘어 전국으로 확산되고 있다. 전셋값 변동률이 전주보다 떨어진 지역 역시 시장이 불안하기는 마찬가지다. 세종시는 19일을 기준으로 전주보다 떨어진 1.26%를 기록했음에도 전국에서 아파트 전셋값이 가장 많이 오른 지역으로 나타났다.
38,뉴스1,2020.10.25," 이번 주 전세대란 해소를 위한 관련 대책이 발표될 것이란 보도가 나왔지만 정부가 이를 부인하며 대책 마련에 고심을 거듭 중인 것으로 나타났다. 반면 정부가 전세대책으로 공공임대주택을 활용한 공급대책을 우선 고려하고 있어 공공임대 공급을 확대하거나 공공임대주택 방안과 전세대책을 묶어 발표할 수 있다는 전망이 나오고 있다. 홍 부총리는 ""전세시장의 가장 좋은 대책은 공공임대주택을 충분히 공급하는 것""이라며 ""현재 정부도 로드맵을 마련해서 추진 중인데 적어도 4명 중 1명은 공공임대주택 전세를 살 수 있도록 공급대책을 차질없이 밀고 나갈 것""이라고 강조했다."
39,뉴스1,2020.10.25, 역대급 전세대란이 상당기간 지속하면서 불똥이 매매시장으로 튈 수 있다는 우려가 나온다. 공급 부족에 따른 전셋값 상승이 아파트값 상승세로 번져 매매시장 불안의 단초가 될 수 있다는 지적이다. 25일 KB부동산에 따르면 지난 19일 기준 서울 아파트 전셋값은 최근 1주 전보다 0.51% 상승했다.
40,한국경제,2020.10.23," 정부가 전세난을 타개하기 위한 대책의 일환으로 월세 세액공제 확대를 검토한다. 김현미 국토교통부 장관은 23일 국회 국토교통위원회 국정감사에서 ""세입자 부담 완화를 위해 월세에 대한 세액공제를 확대하자""는 박상혁 더불어민주당 의원의 제안에 ""공감한다""고 말했다. 월세 세액공제는 연소득 7000만원 이하 무주택자가 기준시가 3억원 이하 주택에서 월세를 살면 월세액의 10%를 소득세에서 깎아주는 제도다."
41,서울경제,2020.10.24," 특히 전세의 경우 매매가보다 2배 이상 높은 상승률을 보이는 가운데 전세난이 서울을 넘어 경기·인천 등 수도권으로 퍼져나가고 있다. 24일 부동산114가 발표한 수도권 주간 아파트 시장동향에 따르면 매물 품귀현상이 이어지면서 서울의 전세가는 이번주 0.13% 상승했고, 경기·인천도 0.13% 올랐다. 전세가 상승세가 멈출 줄 모르고 이어지고 있지만 시장에 전세 매물의 씨가 마른 만큼 조급한 임차인들이 서둘러 계약에 나서는 분위기다."
42,한국경제,2020.10.23," 전셋집을 보기 위해 긴 줄로 대기하는 사람들의 사진에 대해 김현미 국토교통부 장관이 사진 속 매물의 전세가격이 1억원 이상 저렴한 이유 등 때문이라고 밝혔다. 23일 국토부에 대한 국정감사에서 더불어민주당 소병훈 의원은 전세난과 관련해 ""실제 전세 매물을 보면 시장에서 거래가 활발하게 이뤄지고 있다""며 ""실제와 다른 일이 보도되면 정확하게 추적해서 국민에게 제대로 알려줘야 한다""고 말했다. 이에 대해 김 장관은 ""사진에 대해 조사해 봤더니, 그 집은 주택임대사업자로 등록된 집이어서 다른 집보다 전세가격이 1억원에서 1억5천만원 정도 저렴했고 당시 코로나19 시기여서 다른 집은 대부분 집을 안보여주는데 그 집은 시간대를 정하고 '그때 오면 집을 보여준다'고 해서 사람들이 많이 모인 것으로 들었다""고 밝혔다."
43,중앙일보,2020.10.24," 여당이 전세난 해결법으로 '월세 세액공제 확대' 카드를 꺼내들었다. 현재는 연간 총급여 7000만원 이하인 무주택 가구가 기준시가 3억원을 넘지 않는 주택에 거주 중일 때 750만원 한도 내에서 월세 세액공제 혜택을 주고 있다. 박 의원은 ""세액공제가 가능한 주택의 기준시가는 높이고 세액공제 한도도 확대해줄 필요가 있다""며 ""전세난 해결을 위해 월세 임차인에 대한 혜택을 늘려 월세에서 전세로 옮겨가는 수요를 차단해야 할 필요가 있다""고 주장했다."
44,디지털타임스,2020.10.25," 정부의 주택 임대보증금 보증보험 제도를 둘러싼 논란이 점점 고조되고 있다. 임대보증금 보험은 임대사업자가 보증금을 내줄 수 없을 때 주택도시보증공사나 SGI서울보증이 대신 세입자에게 돌려주는 제도다. 집주인들이 보증수수료의 75%, 세입자들이 나머지 25%를 내는 것인데, 신규 임대등록사업자들은 의무적으로 보험에 가입해야 한다."
45,한국일보,2020.10.25," 일부 집주인은 '주택 융자를 상환했으니, 굳이 감액등기를 할 필요가 없다'고 말하기 때문입니다. 김씨 사례를 빗대자면 ""전셋돈 5억원으로 근저당 설정된 6억3,000만원을 갚을테니, 감액등기는 하지 말자""는 것입니다. 감액등기를 하지 않으면, 설정된 근저당금은 그대로이기 때문입니다."
46,연합뉴스,2020.10.22," 서울과 수도권을 중심으로 심화하던 전세난이 전국으로 확산하는 모양새다. 서울의 아파트 전셋값은 3주 연속 0.08% 상승을 기록하며 횡보했지만, 수도권 전셋값은 0.21% 올라 전주보다 상승폭을 키웠다. 특히 지방의 아파트 전셋값이 7년 6개월 만에 최대 폭으로 상승해 전세난이 전국으로 확산하는 신호가 될지 우려된다."
47,연합뉴스,2020.10.22," 홍남기 부총리 겸 기획재정부 장관은 22일 ""전세시장을 안정화하기 위한 추가적인 대책이 있는지 여부를 현재 관계부처 간에 고민해보고 있다""고 밝혔다. 그는 ""정부로서는 무조건 추가 대책을 만들어 내는 게 아니고 지금의 전세시장 불안정성을 완화할 수 있는, 정부가 할 수 있는 또 다른 가능성이 있는지, 대책의 여지가 있는지를 모색해보고 있다""면서도 ""일단 주력해야 하는 것은 발표한 정책들을 흔들림 없이 추진하는 것""이라고 강조했다. 홍 부총리는 민주당 정일영 의원이 '정부가 규제 일변도가 아닌, 시장을 존중하는 대책을 마련해야 한다'고 지적하자 ""부동산 시장 안정은 시장 자체의 수급에 의해 만들어져야 한다는 것은 정부가 깊이 인식하고 있는 대전제""라고 답했다."
48,헤럴드경제,2020.10.24," 지난 23일 진행된 국정감사에서 정부가 최근의 집값 상승은 정책 자체의 문제라기보다 저금리 기조 등 경제 상황 전반 때문이라는 입장을 고수하자 집값 문제와 정부의 부동산 정책을 두고 공방이 이어졌다. 김 장관은 중산층도 살 수 있는 중대형 공공임대 공급 방안 등을 포함한 공공임대 개선 대책을 내달 발표하겠다고 밝혔다. 김 장관은 더불어민주당 천준호 의원의 중산층을 위한 공공임대 방안에 대한 질의에 ""공공임대의 평형을 확대해 중산층에도 공급하는 방안에 대해 재정당국과 협의 중이고 11월 중에는 구체적인 방안을 알려드릴 것""이라며 ""재정당국의 지원 방침에 변화가 있을 것 같다""고 말했다."
50,헤럴드경제,2020.10.24," 전세도 서울에선 실거래가격과 정부 공식 통계로 활용하는 시세 상승폭과 격차가 심각하게 벌어진 것으로 나타났다. 24일 헤럴드경제가 전세 계약 신고 건으로 작성되는 '전세 실거래가격지수'와, 표본주택을 선정해 전세 시세 변동률을 조사해 발표하는 한국감정원 전세 '주택가격동향' 자료를 비교한 결과, 둘 사이 변동률 격차가 지난 5월 이후 크게 벌어지고 있다. 전세 실거래가도 전세시세 통계처럼 한국감정원이 작성하는 것은 마찬가지지만, 전세 계약자가 임대차 계약을 체결하고 '확정일자'를 받기 위해 법원 또는 동사무소에 접수하는 전세 거래 자료를 통해 작성한다는 점에서 전세 시세 통계와는 다르다."
51,연합뉴스,2020.10.22," 홍남기 부총리 겸 기획재정부 장관은 22일 ""과거 10년 동안의 전세대책을 다 검토해봤다. 뾰족한 단기대책이 별로 없다""고 말했다. 홍 부총리는 ""전세시장에 가장 좋은 대책은 공공임대주택을 아주 충분히 공급하는 것""이라며 ""정부도 이미 그런 로드맵을 마련해 적어도 네 분 중 한 분은 안정감 있게 전세를 할 수 있게 공급대책은 계속 차질없이 밀고 나갈 것""이라고 밝혔다. 이어 ""단기적으로 전세시장이 어렵다보니 정부가 할 수 있는 여러 대응책을 모색하겠다""고 말했다."
52,더팩트,2020.10.24," 서울 전세대란이 갈수록 격심해지는 가운데 아파트가 아닌 오피스텔 물량 찾기에도 비상이 걸렸다. 종로구 종로1가 소재 L공인중개업체 관계자는 ""요새 오피스텔 올 전세는 없다고 보면 된다. 정말 괜찮게 나온 매물이 하나 있긴 하다. 실평수가 거의 11평이 나오는데 1억8000만 원에 월세 20만 원""이라면서 ""전세로 따지면 2억2000만 원 정도 하던 곳인데, 집 주인이 살짝 세금 값만 받겠다며 싸게 내놨다""고 설명했다. 주요 업무지구와 거리는 조금 있지만 다소 저평가돼온 동대문구 일대에서도 오피스텔 전세 구하기는 어려운 분위기다."
53,동아일보,2020.10.24," 23일 진행된 국정감사에서 정부는 지금까지 펼쳐 온 매매시장 안정 정책과 충돌할 여지가 있어 마땅한 전세 대책을 내놓기 어렵다는 고민을 드러냈다. 전세자금 대출 확대 등을 시행하면 전세수요를 늘려 임대료 상승이나 갭투자 확대로 이어지고 이는 다시 매매가를 밀어 올리게 될 수 있다는 설명이다. 이날 김현미 국토교통부 장관은 국토부 종합 국정감사에서 ""현재 계약갱신이 늘고 있고 임대료 상승률도 축소되고 있는 것으로 안다""며 시장을 좀 더 지켜봐야 한다고 밝혔다."
54,연합뉴스,2020.10.21," 서울과 수도권을 중심으로 전세난이 심화하는 가운데 전세난에 숨통을 틔워 줄 신규 아파트 입주 물량마저 계속 줄고 있어 전세난 장기화가 우려된다. 내년도 아파트 입주 물량도 크게 줄어든다. 부동산114 조사에 따르면 내년 전국의 아파트 입주 물량은 총 26만5천594가구로, 올해보다 26.5% 감소한다."
57,서울경제,2020.10.23," 정부가 전월세 대란 대책을 놓고 고민을 거듭하고 있다. 우선 홍남기 부총리 겸 기획재정부 장관은 이날 ""전세가 안정을 위해 지금 정책과 충돌되지 않는 범위에서 최대한 대책을 마련하겠다""고 밝혔다. 이어 "" 여러 조치를 취할 수 있지만 부동산 시장을 안정시키려는 조치와 충돌해 손쉽게 채택을 못한다""며 ""그럼에도 불구하고 작은 대책이든 큰 대책이든 정부가 할 수 있는 모든 것을 관계부처와 머리를 맞대고 검토하고 있다""고 밝혔다."
58,연합뉴스,2020.10.22," 전세난이 계속되면서 정부가 조만간 전세대책을 내놓을 수 있을지에 대한 시장의 관심이 높아지고 있다. 2014년 9·1 대책 때는 공공주택 입주 시기를 단축하는 방안이, 10·30 대책에선 건설임대 중 다세대·연립 물량 공급을 확대하고 월세자금 대출을 새로 도입하는 방안이 발표되기도 했다. 2015년 9·2 대책 때는 전세임대 물량을 확대하고 리모델링 매입임대를 도입하는 한편, 민간임대 주택인 '뉴스테이'를 활성화하는 방안 등이 나왔다."
59,서울경제,2020.10.22," 규제가 집중된 아파트를 피해 부동산 자금이 다세대·연립주택으로 쏠리고 있다. 매년 감소하던 다세대·연립주택 거래량이 올해 들어 대폭 증가하는 모습이다. 22일 국회 국토교통위원회 소속 박상혁 더불어민주당 의원이 한국감정원으로부터 제출받은 자료에 따르면, 지난 7월 전국 다세대·연립주택 거래량은 총 2만9,184건으로 1월 대비 47.5% 증가했다."
60,중앙SUNDAY,2020.10.24," 전세의 소멸' '전세 물건 실종'…. 정부가 주택을 꾸준히 늘리면 아파트 전세 수요 중 일부는 집을 사서 임대차시장에서 빠져나가고, 이들이 빠져나간 임대차 물건을 신혼부부 등 새로운 임대차 수요가 받아야 한다. 그런데 정부가 대출 규제 등으로 내 집 마련에 제동을 걸고, 재건축 규제 등으로 주택 공급을 막으면서 '아파트 전세' 부문에서 수요가 쌓이기 시작한 것이다."
61,디지털타임스,2020.10.20," 작년부터 올해까지 자기 돈을 한 푼 들이지 않은 채 세입자의 전세금만 가지고 빌라에 갭투자한 집주인들이 급증한 것으로 나타났다. 국토교통부와 주택도시보증공사가 김상훈 국민의힘 의원에 제출한 2019년부터 올해 9월까지 서울 연립, 다세대, 다가구, 빌라의 안심대출보증 현황'에 따르면 작년 1분기 1671억원이었던 공시가 150% 한도의 전세금 보증액은 올해 3분기 현재 6678억원으로 4배 증가했다. 분기별로 평균 1000억원 증가하던 서울의 빌라 전세 대출금은 작년 4분기 5027억원에서 올해 1분기 4255억원으로 소폭 줄었으나 2분기 들어 5599억원으로 다시 증가했고 3분기에는 6678억원으로 6000억원대까지 올라섰다."
62,동아일보,2020.10.24," 1999년과 2011년, 2015년에도 '전세대란'은 있었다. 한 해 동안 서울 아파트 전셋값이 10.79%나 상승했던 2015년의 급등기는 매매가격이 전세가격을 끌어올리는 양상이었다. 2010∼2013년 지속적으로 연간 누적 변동률이 마이너스였던 서울 아파트 매매가격은 2014년 상승 전환에 성공한 뒤 2015년엔 6.71%나 올랐다."
63,아시아경제,2020.10.23," 경기 분당신도시 84㎡ 아파트에 전세로 거주하는 A씨 집주인의 실거주 의사로 오도가도 못하는 처지에 빠졌다. 2년 전 5억7000만원이었던 이 아파트 전세 호가는 9억원으로 3억원 이상 올라 있지만 용인시에 보유하고 있는 아파트 때문에 전세대출도 받지 못할 처지다. 분당 서현동 H공인중개사사무소 관계자는 ""단지별로 차이는 있지만 두세 달 사이에 2억~3억원씩 전세 호가가 치솟았다""며 ""그나마 매물이 없다 보니 세입자 입장에서는 가격 흥정의 여지도 없다""고 전했다."
64,부산일보,2020.10.19, 부산에 거주하는 신혼부부를 위한 부산시의 전세자금 지원 사업 대상과 금액이 대폭 확대된다. 부산시는 오는 26일부터 신혼부부를 위한 '주택융자 및 대출이자 지원사업'의 변경 접수를 받는다고 19일 밝혔다.
65,뉴시스,2020.10.23," 은성수 금융위원장은 23일 주택임대차보호법 개정 이후 전세자금대출 동향이 통상 범위 안에 있다고 생각하느냐는 질의에 ""크게 늘지 않은 것으로 생각한다""고 말했다. 그는 그러면서도 ""통계를 보면 전세시장 성수기인 1~3월 전세자금대출은 1조5000억원에서 2조7000억원 가량 늘어났고, 비수기인 7~9월에도 2조에서 2조7000억원 늘어난 것을 보면 성수기나 비수기나 비슷해서 통상 범위를 넘어섰다고 볼 수도 있다""며 ""다른 데서 부작용이 있는 것으로 보인다""고 말했다. 이에 은 위원장은 ""거기까지 내다보는 것은 너무 나간 것 같고, 일단 갭투자하는 부분은 막았기 때문에 전세값이 올라서 전세자금대출이 늘어나는건지, 저금리라서 전세자금대출이 늘어나는건지는 좀 더 봐야할 것""이라며 ""임대차 3법 영향인지, 저금리 영향인지는 정부 내에서 영향 분석을 진행 중인데 아직 명확치는 않지만 계속 분석할 것으로 보인다""고 말했다."
66,한국경제,2020.10.21," 송파구의 한 공인중개업소 관계자는 ""전세가 씨가 마르니 시세보다 훨씬 비싼 전셋집도 몇시간 사이에 거래되곤 한다""며 ""전셋값이 워낙 오르다 보니 2년 전 전세를 살던 임차인들 대부분은 이 지역에 살지 못하고 가격이 좀 더 저렴한 지역으로 밀려나갔다""고 전했다. 3040 서울 전세살이 포기… 경기로 밀려나는 중 자금력이 적은 30~40대 젊은 층들은 외곽으로 밀려가다가 서울 거주를 포기하고 경기도나 인천으로 이동하고 있는 경우가 늘었다."
68,한국경제,2020.10.20," 정부의 임대차법 시행 이후 전세매물 품귀와 전셋값 급등이 심각한 가운데, 국토교통부가 전세난의 원인은 '저금리 때문'이라며 7장에 달하는 해명자료를 내놨다. 최근 일부 언론에서 임대차 3법 도입으로 전세에서 월세로의 전환 가속화, 임대인-임차인간 분쟁 증가, 전세가격 상승 및 전세거래 급감 등 부작용이 현실화되고 있다는 보도에 대한 설명자료였다. 국토부는 ① 임대차 3법 시행으로 전세→월세 전환이 가속화되고 있다는 주장은 사실이 아니며 ② 임대차 3법 시행으로 인한 분쟁 상담은 감소하는 추세이고 ③ 전세 거래량은 예년 대비 감소하지 않았으며 ④ 최근 전월세가격 동향 및 금리와 전세가격의 관계가 더 밀접하고 ⑤ 서민 주거안정을 위해 다 함께 지혜를 모아야 할 때라고 주장했다."
69,이데일리,2020.10.23," 이주열 한국은행 총재가 23일 ""저금리 환경이 전세 불안의 주된 요인이라고 생각하지 않는다""고 밝혔다. 이에 대해 추 의원은 ""국토부가 전세 불안의 주범을 한은으로 지목했다""며 ""이는 전문가들이 전세 불안을 임대차법과 수급, 기대심리 등 다양한 원인에 있다고 지목한 것과 다르다""고 말했다. 이 총재 역시 ""저금리가 하나의 요인일 수는 잇지만, 전세 불안의 주요 요인이라고는 생각하지 않는다""며 ""저희의 견해는 분명하다. 금리는 모든 경제인에게 영향을 준다. 저금리, 공급물량, 기대 가격 상승, 매매가 상승 등 복합적으로 작용했다 이렇게 보고 있다""고 부연했다."
70,연합뉴스,2020.10.19, 정부가 전세난을 전하는 언론 보도에 다소 강력한 톤으로 반박하고 나서 눈길을 끈다. 국토교통부는 19일 보도 설명자료를 내고서 전세난을 소개한 일부 언론 보도에 대한 입장을 표명했다. 임대차 3법 시행으로 전세에서 월세 전환이 가속화되고 있다거나 전세 거래량이 줄었다는 보도 내용은 사실이 아니고 임대차 분쟁 상담은 감소하는 추세라고 국토부는 설명했다.
73,뉴스1,2020.10.23," 김현미 국토교통부 장관은 국회에서 열린 국토교통위원회 국정감사에서 ""KB 부동산 통계는 참고지표로 활용하고 있다""고 말했다. 이어 ""이처럼 부동산 통계에 대해 국토부 산하기관인 HUG는 KB시세만 인정하고 있다""며 ""국가승인통계라고 너무 감정원 통계를 강조하다 보니 KB 시세를 무시하는 것 처럼 보인다""고 지적했다. 이에 대해 김현미 장관은 ""시세와 호가하는 다른 기준이 있는데 대출을 하다보면 아파트 가격을 정해야 한다""며 ""그런데 KB가 등록해서 관리하는게 있고 감정원이 하는 주택이 있어서 2개를 다 쓰는 것""이라고 설명헀다."
75,조세일보,2020.10.22," 홍남기 경제부총리 겸 기획재정부 장관이 임대차3법에 따른 전세시장 동요에 대해 ""아직 전세시장 안정화가 이뤄지지 않았기 때문에 무조건 추가대책을 만들어내지는 않을 것""이라고 밝혔다. 아울러 ""투기세력에 의한 시장불안정 요인에 대해 정부도 강력하게 대책을 세우고 있고 다주택자들이 실거주하는 주택을 제외하고는 팔 수 있도록 규제를 강력하게 추진하겠다""며 ""무주택자와 1주택자, 실수요자 보호는 이미 대책을 발표했는데 최대한 더 보강하도록 하겠다""고 말했다. 홍 부총리는 ""기본적으로는 부동산 시장이 수급에 의해 움직이는 것이 바람직하다. 거주 취약계층에 대해 정부가 수급의 일정 부분을 지원할 수 있다면 그런 부분은 지원할 것""이라며 ""다만 부동산 시장의 안정은 자체 수급에 의해서 만들어져야 한다. 전세와 매매는 동전의 양면처럼 붙어있는 내용""이라고 설명했다."
77,헤럴드경제,2020.10.22," 정부와 여당이 전세시장 안정을 위한 추가 대책을 내놓기로 한 가운데 가뜩이나 규제로 꼬인 시장이 더 꼬이진 않을까 우려하는 목소리도 높다. 앞서 김 장관은 지난 16일 국토부 국정감사에서 전세대책 발표 가능성에 대해 ""일단 시장 상황을 좀 더 보겠다""며 신중한 모습을 보였다. 김 장관은 또 전셋값 안정기를 '내년 초 이후'로 내다본 바 있는데, 그전에 대책을 내놓는 건 일찌감치 정책 실패를 자인하는 것이나 다름없어 복잡한 상황이다."
121,한겨레,2020.10.29," 주택담보대출처럼 이자와 원금을 함께 갚아나가는 부분분할상환 전세대출 상품이 나온다. 한국주택금융공사는 30일 본인과 배우자가 무주택자인 경우 대출금 일부를 상환해가면서, 갚은 원금과 이자에 대한 소득공제 혜택도 받을 수 있는 '부분분할상환 약정자 특례 전세자금보증'을 출시한다고 29일 밝혔다. 대출 기간 동안 원금의 5% 이상을 분할상환해야 하며 최저 보증료율이 적용된다."
122,스타뉴스,2020.11.01," 10월 매매가격은 전월 대비 0.67% 상승을 보였지만 상승세가 점차 낮아지는 추세다. 전세시장은 전월과 유사하게 상승폭을 보이면서 수요에 비해 턱없이 부족한 공급으로 인해 전세가격 상승세는 계속 될 것이라는 전망이 우세하다. 특히, 광역시까지 상승세가 높아지면서 전국적인 상승을 보였다."
123,뉴스1,2020.10.29," 주택담보대출과 같이 전세대출도 이자뿐만 아니라 원금을 같이 부분상환할 수 있는 전세대출 상품이 나온다. 또 원금을 갚지 못하면 연체되는 기존 분할상환 방식의 전세대출 상품을 보완해, 은행과 협의를 통해 1회에 한해 중도상환수수료를 면제하고 이자만 상환할 수 있도록 설계했다. 보증기한은 전세대출의 상환 기한 이내로 운영하며 기한연장을 포함해 최대 10년까지 이용할 수 있다."
124,동아일보,2020.10.30, 지난달 말 기준 서울 내 미분양 주택이 54채밖에 남지 않은 것으로 조사됐다. 인천과 경기 등을 더한 수도권 미분양 주택은 지난해 말 대비 40% 가까이 감소했다. 29일 국토교통부는 9월 말 서울의 미분양 물량이 전달보다 2채 더 줄었다고 밝혔다.
125,조선비즈,2020.10.28, 우리은행이 담보대출을 끼고 있는 아파트에 대한 전세자금 대출의 취급 기준을 강화한다. 기존 담보대출을 세입자가 받아온 전세자금 대출로 전액 말소하는 경우와 갭투자로 집을 사는 경우 등엔 대출을 내주지 않는 식이다. 28일 금융권에 따르면 우리은행은 오는 30일부터 연말까지 담보대출이 설정된 아파트의 전세자금 대출의 취급을 일부 제한한다.
127,한겨레,2020.10.29," 지난해 20대 이하 직장인의 1인당 평균 대출액이 1243만원으로, 1년 새 47%가량 급증했다. 주택담보대출도 27.4%, 신용대출도 26.6% 증가했다. 30대 평균대출액도 5616만원으로 전년 대비 14% 증가했다."
128,뉴시스,2020.10.29," 지난해 말 기준 월급쟁이들이 평균 4245만원의 빚을 지고 있는 것으로 나타났다. 임금근로자의 대출잔액 기준 연체율은 0.56%로 전년과 동일했다. 임금근로자 중 남성의 평균 대출은 5372만원, 여성은 2876만원으로 전년보다 각각 349만원, 198만원 증가했다."
129,조선일보,2020.10.28," 금융 당국이 검토 중인 추가 가계부채 관리 방안에는 '집 사는 사람'을 겨냥한 내용만 담길 것으로 보인다. 이에 대해 금융위원회는 28일 설명자료를 내고 "" 일반 서민에게 피해가 발생하지 않도록 전반적인 DSR 관리기준을 낮추는 방안은 생각하지 않고 있다는 취지였다""고 했다. 신용대출에 대한 규제가 꼭 필요하다면 '핀셋 규제' 방식으로 할 것이며, 평균 DSR 관리기준을 40%에서 30%로 낮추는 방안은 전혀 논의된 바 없다는 것이다"
130,디지털타임스,2020.10.29," 29일 통계청이 발표한 '2019년 일자리행정통계 임금근로자 부채'를 보면 나이가 어린 직장인일수록 대출액 규모가 크게 증가한 것으로 나타났다. 29세 임금근로자의 신용대출은 전년 대비 26.6% 늘며 30대, 40대, 50대, 60대, 70세 이상보다 증가 폭이 컸다. 대출잔액 기준 연체율은 60대, 70세 이상이 가장 높았으나, 50대, 40대, 30대, 29세 이하는 비교적 낮았다."
131,파이낸셜뉴스,2020.10.29," 제때 빚을 갚지 못하는 이도 늘고 있다. 매출이 3000만원 미만인 사업자는 평균 1억1154만원을 대출해 매출 10억원 이상 사업자보다 적었지만, 연체율은 0.60%로 10억원 이상인 사업자의 연체율의 4배에 달했다. 29세 이하 사업자의 평균대출은 5071만원으로 금액으론 가장 적었지만 연체율은 0.47%로 가장 높았다."
132,더팩트,2020.10.29," 지난해 임금근로자 1인당 평균 대출액이 4245만 원을 넘었다. 통계를 시작한 2017년 이래 가장 많은 수치이며 주택외담보대출, 신용대출 등이 크게 늘어난 것으로 풀이된다. 통계청은 29일 '2019 일자리 행정통계 임금근로자 부채'에서 지난해 임금근로자 개인 평균 대출금액이 4245만 원, 중위 대출액은 4000만 원으로 전년보다 각각 281만 원, 440만 원 늘었다고 밝혔다."
133,서울경제,2020.10.27," 아파트에 전세로 살다가 매매로 갈아타려면 서울에서는 약 5억2,000만원의 추가 자금이 필요한 것으로 나타났다. 서울 아파트 전세 거주자가 매매로 갈아타기 위해서 이 정도 금액이 평균적으로 필요하다는 의미다. 서울 아파트 매매가격과 전세가격 격차는 지난 2000년에는 8,896만원 수준이었다가 2009년 3억6,736억원까지 치솟았다."
134,매일경제,2020.10.30," 내년 중순에 결혼할 예정인 5년 차 대기업 직장인 정재준 씨는 최근 서울 아파트 전세가 때문에 고민이다. 본인과 예비 신부가 모은 자금 1억2000만원에 더해 서울시가 이자를 지원해주는 한도 2억원까지 전세자금대출을 받아 3억원 초중반대 전세를 잡으려 했는데, 임대차법 시행 이후 3억원이던 전세가가 대부분 4억원 이상으로 올랐기 때문이다. 정씨는 ""아무리 찾아봐도 20평대 3억원 중반 이하 매물은 서울에서 거의 실종된 상태""라며 ""조금이라도 더 빨리 결혼해 집을 사거나 전세를 들어간 친구들이 부럽다""고 하소연했다."
135,머니투데이,2020.10.30," 높아지는 집값과 낮아지는 혼인율 속에서 미혼남녀들은 필요한 결혼 지원 정책으로 주택 관련 정책을 꼽았다. 지난 하반기 결혼정보회사 가연과 여론조사 전문기관 리얼미터가 함께 한 설문조사에 따르면 미혼남녀 1000명은 '결혼을 결심하는데 가장 도움될 것 같은 결혼 지원 정책'에 '영구 임대주택 공급'과 '신혼부부 전세자금 지원 확대' 항목을 가장 많이 선택했다. 또 '신혼부부 전세자금 대출 정책이 얼마나 도움이 될 것으로 생각하는가?'에 대해서는 '도움 될 것'이 58.4%, '보통이다'가 24.8%, '도움 안될 것'이 16.8%를 차지했다."
136,뉴스1,2020.10.30, 전셋값이 70주 연속 상승하고 있지만 전세난을 잡을 뾰족한 대책이 없다. 여기에 2012년까지 32만가구를 공급하겠다는 정부의 보금자리주택 정책이 '반값 아파트'로 인식되면서 전세수요의 풍선효과를 촉발했다. 2015년의 전세난은 매매값이 전셋값을 끌어올리는 양상을 보였다.
137,머니투데이,2020.10.28, 오는 30일부터 서민 주택 구입자금 용도인 디딤돌 대출 금리가 평균 0.2%포인트 낮아져 연 1.85%~2.40%를 적용한다. 국토교통부는 코로나19 지속에 따른 무주택 실수요자 주거비 부담을 완화하기 위해 오는 30일부터 주택도시기금 디딤돌 대출 금리를 인하한다고 28일 밝혔다. 연소득 6000만원 이하 무주택 세대주가 5억원 이하 주택을 구입할 때 신청할 수 있는 디딤돌대출 금리는 평균 0.2%포인트 낮아져 연 1.85%~2.40%가 적용된다.
139,국민일보,2020.10.27," 전세로 서울아파트에 거주하다가 매매로 갈아타려면 평균 5억원이 넘는 자금이 추가로 필요하다는 조사 결과가 나왔다. 윤지해 부동산114 수석연구원은 다만 ""저금리 환경과 집주인들의 거주 비율 증가로 서울 도심의 전세물건이 희소해지고 있어 5억원 수준까지 벌어진 전셋값과 매매가의 격차는 점차 좁혀질 가능성이 크다""고 진단했다. 그러면서도 ""과거부터 격차가 좁혀질수록 매매 시장으로 갈아타려는 수요가 동시에 늘어났다""면서 ""매매 시장으로 갈아타려는 수요가 커지면 정체 중인 서울 아파트 매매가를 다시 끌어올릴 여지가 커진다. 전세난으로 불릴 수 있는 현재 상황을 조기에 진화할 필요가 있다""고 경고했다."
140,아시아경제,2020.10.28," 정부가 최소 20%의 지분으로 '내 집'을 마련할 수 있는 '지분적립형 분양주택'을 2023년부터 공급하기로 했다. 이후 분양자는 매 4년마다 10~15%씩 균등하게 나눠 지분을 추가 취득해 20~30년 후 주택을 100% 소유하게 된다. 홍 부총리는 ""지분적립형 주택은 신규 공급주택중 공공보유부지와 공공정비사업 기부채납분 등 선호도가 높은 도심부지부터 점진 적용할 계획이며 2023년부터 분양이 가능할 전망""이라며 ""지분적립형 분양주택은 향후 무주택 실수요자의 내 집 마련을 적극적으로 지원하는 새로운 공급 모델이 될 것으로 기대한다""고 말했다."
141,아시아경제,2020.10.29," 야권 대선후보 중 하나인 원희룡 제주지사가 공시지가를 90%까지 현실화하겠다는 정부의 방침에 대해 ""공시지가 올려서 집값·전세값을 잡을 수는 없다""고 비판했다. 원 지사는 "" 오류를 인정하지 않고 계속 달리면 목적지에서 점점 멀어진다. 당장 멈추라""며 임대주택 공급 방안에 대해 "" 시장에 존재하는 주택들의 거래를 얼어붙게 만들고 따로 돈과 시간을 들여서 물량을 공급한다는 게 상식적인 이야기인가""라고 반문했다. 또 ""지금 정부는 공시지가를 올려서 보유세를 대폭 올리려 하고 있다""며 ""첫째, 그렇게 해서 집값, 전세값을 못 잡는다. 둘째, 옳지 않다""며 이유를 들었다."
142,서울신문,2020.10.29," 가을 전세시장은 '역대급 혼란' 상태다. 정부가 검토하는 월세 세액공제 확대는 세입자 부담을 덜어 주겠지만, 전세난 대책엔 그다지 약발이 없을 것이라는 게 전문가들의 견해다. 정부 관계자는 ""지금은 전세 수요자의 심리를 진정시키는 것 외엔 마땅한 방법이 없다""고 말했다."
144,헤럴드경제,2020.10.30," 서울 아파트 전셋값이 70주 연속 상승하면서, '차라리 전세보증금에 돈을 보태 집을 사자'는 수요가 중저가 아파트 매맷값을 밀어 올리고 있다. 강남권에서 관망세로 돌아서면서 지난달부터 거래절벽이 이어지고 있지만, 이른바 노·도·강·금·관·구 등 중저가 아파트 밀집지역으로 알려진 곳에선 수급 불균형에 따른 매매와 전세 동반 상승세가 계속되고 있다. 마래푸 59㎡ 전세가 9억원… ""차라리 사자""=전문가들은 전셋값 상승이 나타나면, 서울 중저가 아파트 매매시장이 차별화될 것이라고 밝혀왔다."
145,서울경제,2020.11.08," 국내 5대 은행의 전세대출 잔액이 사상 처음으로 100조원을 넘어섰다. 전셋값 상승 추세로 전세대출 수요가 이어질 것으로 예상되는 가운데 폭증세가 계속된다면 은행들도 속도 조절에 나설 것으로 보인다. 8일 금융권에 따르면 KB국민·신한·하나·우리·NH농협은행 등 5대 은행의 지난달 말 기준 전세대출 잔액은 101조6,828억원을 기록했다."
147,중앙일보,2020.11.08," 서울 아파트 전세난이 월세 상승으로 이어지고 있다. 월세는 전세 매물이 가장 빨리 사라진 강남 아파트 중심으로 올랐다. 서울 강남구 개포동 래미안블레스티지는 지난달 15일 보증금 10억원, 월세 120만원에 반전세로 계약됐다."
148,서울신문,2020.11.08," 새 주택임대차보호법 100일이 지난 부동산 시장은 여전히 혼란 상태다. 임대주택 공급을 골자로 한 정부 대책은 발표 전인데도 '허점'부터 거론되고 있다. 8일 서울신문이 대한법률구조공단으로부터 받은 '주택임대차 분쟁 상담'에 따르면 새 임대차법 시행 이후인 7월 31일부터 10월 31일까지 계약기간, 수선, 보증금 등 임대차 관련 총분쟁 상담건수는 2만 5251건으로 지난해 같은 기간 대비 42.2% 증가했다."
149,머니투데이,2020.11.08, 박광온 더불어민주당 의원이 대표 발의한 '전세 3+3년' 개정안을 두고 비난 여론이 들끓고 있다.
151,연합뉴스,2020.11.08, 최근 껑충 뛴 전셋값에 서울 외곽과 경기도에서 아예 아파트 매입에 나서는 사례가 늘고 있다.
152,한국경제,2020.11.06," 홍남기 부총리 겸 기획재정부 장관은 ""전세시장을 안정화할 대책이 있으면 발표했을 것""이라고 말했다. 홍 부총리는 ""전체적으로 이전에 발표한 전세 공급물량 확대 등 여러 정책을 착실하게 추진하는 게 우선이라고 본다""며 ""확실한 대책이 있으면 정부가 발표했을 것""이라고 말했다."
153,동아일보,2020.11.06," 김현미 국토교통부 장관이 6일 주택임대차보호법 개정안과 관련해 ""임대차법을 개정하고 몇 달 되지 않았으니까 좀 상황을 지켜보면서 대책들을 구체화시키겠다""고 말했다. 김 장관은 신규 임대차 계약에 임대료 상한제를 도입하는 방안에 대해선 검토할 계획이 없다고 선을 그었다."
154,한국경제,2020.11.07," 최근 전세난이 심각해진 것에 대해 여권은 세대분할·전 정권·저금리를 원인으로 꼽았다. 김은혜 국민의힘 의원은 6일 열린 국토교통위원회 전체회의에서 ""3년 동안 뭐 하시다가 이제 와서 이 정부의 책임 있는 분들은 '세대분할이다, 전 정권 탓이다, 저금리 탓이다'라고 말하는지 모르겠다""고 비판했다. 김현미 국토교통부 장관이 임대차 계약 갱신 때만 아니라 신규 계약에도 전월세상한제를 적용하는 방안에 대해 ""여러 고려해야 할 점이 많다""며 신중히 접근해야 한다는 견해를 보였다."
156,KBS,2020.11.07, https://news.naver.com/main/read.nhn?mode=LSD&mid=sec&sid1=101&oid=056&aid=0010930185
157,헤럴드경제,2020.11.08," 새 임대차법 시행 이후 서울·수도권·지방의 전셋값 상승률 속도도 가팔라졌다. 새 임대차법 시행 이후 14주간 전셋값 누적 상승률은 서울 1.28%, 수도권 2.31%, 지방 2.24% 등이다."
158,연합뉴스,2020.11.02, 새 임대차법 시행 이후 최근 3개월 동안 서울의 아파트 평균 전셋값이 3천750만원 넘게 오른 것으로 조사됐다. 전셋값이 3개월간 가장 적게 오른 지역은 영등포구로 3.3% 상승에 그쳤다. 전세 계약 갱신 기간인 2년 전과 비교하면 평균 전셋값이 가장 많이 오른 지역은 강남구로 86.8㎡ 아파트 기준으로 보면 20.4%가 올랐다.
159,헤럴드경제,2020.11.07," 지방 아파트 전셋값 역시 이번 주 0.23% 뛰었는데, 이는 통계가 작성된 2012년 5월 이후 가장 높은 수준의 주간 변동률이다."
160,연합뉴스,2020.11.05," 새 임대차법 시행 이후 임대차 계약을 놓고 현장에서 혼란이 이어지는 가운데 현재 전국에 6곳뿐인 임대차 조정위원회가 12곳으로 늘어났다. 이에 LH와 감정원은 올해 전국 6곳에 분쟁조정위를 신설하고, 내년에 추가로 6곳을 설치하기로 했다."
161,서울경제,2020.11.05," 이낙연 더불어민주당 대표가 5일 민주당 미래주거추진단 발족식에서 ""정부 조직에 주택 및 지역 개발부를 신설하는 방안을 검토해야 한다""고 밝혔다."
162,헤럴드경제,2020.11.06, 여기에 지난 9월 29일부터 상가건물에 대한 임대차보호법까지 적용되면서 주택임대차 시장의 혼란이 상가시장까지 확산할 수 있다는 우려도 제기된다.
163,조선비즈,2020.11.06, 서울의 아파트 전세수급지수가 한국감정원 조사 이래 최고치까지 치솟았다. 감정원 통계에 따르면 서울 뿐 아니라 수도권 전반적으로 전세난이 심각한 수준인 것으로 드러났다.
165,디지털타임스,2020.11.05," 한국토지주택공사는 5일 한국감정원과 서울·인천 등에 '주택 및 상가건물 임대차 분쟁조정위원회' 6개소를 신설하고 개소식을 개최했다고 밝혔다. LH 관계자는 ""LH가 임대차 분쟁조정위원회 운영에 참여함으로써 분쟁조정에 대한 전문성과 접근성을 한층 높이는 계기가 될 것""이라며 ""올해 인천을 포함해 충북과 경남 등 3개소, 내년에 3개소를 추가로 설치해 실수요자의 주거·생업의 안정과 건강한 부동산 시장질서 조성에 큰 역할을 할 것으로 기대한다""고 말했다. 한편 그동안 운영되던 임대차 방문 민원상담소 4개소의 상담 업무는 분쟁조정위원회로 이관해 연속성 있게 추진할 예정이다."
166,조선비즈,2020.11.06," 우리나라 국민들이 앞으로 1년간 집값은 오를 것이고, 전·월세 임대료도 오를 것이며, 문재인 정부의 부동산 정책은 실패했다고 생각한다는 여론조사 결과가 6일 나왔다."
167,한국일보,2020.11.06," 전세를 찾아 헤매는 신규 세입자는 물론, 현재 거주 중인 기존 세입자도 집주인과의 갈등이 크게 늘어나고 있다"
168,디지털타임스,2020.11.03, 정부의 새 임대차 법 시행 후 서민들의 내 집 마련이 더 어려워졌다. 저가 아파트값 상승 속도는 최근 1년간 두드러졌다.
169,한국경제,2020.11.08, 지난 7월 31일 전·월세상한제와 계약갱신청구권제 등을 포함한 새 주택임대차보호법이 시행됐다. 이에 따라 집을 팔고자 하는 임대인이 임차인에게 이른바 이사비 혹은 위로비를 지급하는 경우가 성행하고 있다.
170,서울경제,2020.11.06, 당정의 임대차 3법 강행으로 촉발된 '전세 대란'이 심화하는 모습이다.
171,데일리안,2020.11.08," 전세기간을 현행 4년에서 6년으로 늘리는 주택임대차보호법 개정안이 발의됐다. 이어 ""세입자들은 6년 동안은 편하게 살 수 있어도 그 이후 6년치 전세가격이 한번에 오르는 후폭풍을 감당해야 한다""며 ""임대인 입장에서도 세금만 오르고 투자가치는 사라져 결국 민간 전세공급은 더 줄어들게 될 것""이라고 말했다. 서진형 대한부동산학회장도 ""지금 시장에서는 전세기간 1+1년에서 2+2년으로 가는 부작용을 겪었고, 3+3년은 더 심화 될 것""이라며 ""다주택자들은 임대주택을 공급하는 장점이 없어지니 임대차 공급이 줄어 공급불안은 더 심각해질 것""이라고 전망했다."
172,서울신문,2020.11.07," 박상수 변호사는 ""떠돌던 말처럼 3+3 도입하거나 전세자금대출 신규 규제까지 도입하면 그냥 파국이었다""면서 ""노태우 정권때 주택임대법법상 임차기간이 2년 연장할때도 2년 임대차 기간이 끝나던 1년 뒤에 더 심한 폭등이 있었고 전국에서 17명의 가장이 자살을 했는데 그 전례를 생각하면 이번 임대차법에 따른 최악의 상황은 아직 오지 않았다""고 주장했다."
173,동아일보,2020.11.08," 서울 아파트 전세 시장에서 공급 대비 수요 불균형 수준이 관련 조사를 시작한 이후 가장 높아진 것으로 조사됐다. 수도권의 전세수급지수는 123.3으로 2015년 11월 첫째 주 이후 5년 만에 최고치를 기록했고, 지방은 106.1로 2016년 2월 넷째 주 이후 가장 높았다."
174,디지털타임스,2020.11.08," 역대급 전세난에 전세 대신 중저가 아파트에 눈을 돌리는 실수요자가 늘어나고 있는 것으로 나타났다. 부동산업계에서는 이런 중저가매물의 신고가 행진이 전세난으로 인한 것으로 분석하고 있다. 여경희 부동산114 수석연구원은 ""전셋집을 구하지 못한 세입자들 가운데 일부는 집값이 더 오르기 전, 추가 자금 부담이 덜한 중저가 아파트 구매로 선회하는 움직임을 보이고 있다""라며 ""이에 입주 가능한 아파트들이 상대적으로 비싼 가격에 매물로 나오면서 집값 상승세가 유지될 것으로 분석된다""라고 말했다."
175,한국경제,2020.11.08, 전문가들은 당분간 전세가와 매매가격 차이가 계속 좁혀질 것으로 전망하고 있다.
176,국민일보,2020.11.08, 정부가 부동산대책을 발표할수록 시장 혼란은 커지는 모양새다. 이 지역 아파트값은 지난 6월 6·17부동산대책이 발표된 이래 최근 꾸준히 오름세다. 6·17대책 당시 수도권 전역의 대출 규제를 강화하면서 유일하게 비규제지역으로 묶인 김포가 주목받기 시작했기 때문이다.
177,조선비즈,2020.11.08, 빌라와 단독주택 등을 대상으로 한 소위 ‘무갭투자 기획 부동산’이 기승을 부리고 있다.
178,서울신문,2020.11.08," 새 주택임대차보호법 100일이 지난 부동산 시장은 여전히 혼란 상태다. 임대주택 공급을 골자로 한 정부 대책은 발표 전인데도 '허점'부터 거론되고 있다. 8일 서울신문이 대한법률구조공단으로부터 받은 '주택임대차 분쟁 상담'에 따르면 새 임대차법 시행 이후인 7월 31일부터 10월 31일까지 계약기간, 수선, 보증금 등 임대차 관련 총분쟁 상담건수는 2만 5251건으로 지난해 같은 기간 대비 42.2% 증가했다."
179,한국경제,2020.11.08," 분양 관계자는 ""화성시 동탄2신도시 집값이 10억원을 넘어서고, 망포동 일대 집값도 10억원대에 임박하면서 반값에 가까운 아파트를 분양받으려는 청약자들이 늘었다""며 ""최근에는 전셋값도 오르면서 선택의 여지가 없이 무조건 분양을 받겠다는 분위기도 있다""고 말했다."
180,한국경제,2020.11.08, 최근 경기 하남에서 전용 84㎡ 아파트에 전세계약을 체결한 정모 씨는 바로 전세금 보험에 가입하려 했지만 거절당했다. 전세가가 매매가의 90%를 넘는 경우가 속출하고 아예 전세가가 매매가를 추월하는 현상도 나타나면서 세입자들이 전세 보증금을 떼일 위험이 커지고 있는 것이다. 이 같이 전세가격이 매매가를 넘어서는 경우 전세보증보험에 가입하기도 어려워 세입자들의 근심이 깊어지고 있다.
181,파이낸셜뉴스,2020.11.07," 홍 부총리의 이러한 답변에 질의했던 추경호 의원도 ""이 말씀을 들으면 국민들은 특히 서민 중산층들은 상당히 불안해하실 것 같다""고 지적하기도 했다."
182,조선일보,2020.11.08," 지난 7월말 주택임대차법 개정 후 서울 등 수도권에서 전세 매물이 사라지고 가격이 급등하는 전세대란이 장기화하는 가운데, 전셋집 구하기에 지친 세입자들이 주택 매수에 나서면서 서울 외곽과 경기도 아파트 매매가격이 꿈틀대고 있다."
183,매일경제,2020.11.08, 최근 전세난이 심화되면서 서울 외곽 전세수요가 중저가 아파트 매매 수요로 전환하고 있다.
184,헤럴드경제,2020.11.06," 홍남기 부총리 겸 기획재정부 장관은 6일 전세대책과 관련, ""전세시장을 안정화할 아이디어를 부처간에 고민하고 협의하고 있다""고 밝혔다. 홍 부총리는 현재의 전세난 상황에 대해 ""정부는 이미 대책을 발표해 상황을 모니터링하고 있고 최대한 빠른 시일 내에 안정을 찾도록 노력하고 있다""며 ""최근에는 특히 정책적 요인도 있지만 약간 계절적 요인도 있어 조금 더 불안정성을 보이는 것""이라고 말했다."
185,TV조선,2020.11.06," 전세 매물 품귀 현상이 지속되는 가운데 서울 외곽 지역과 수도권을 중심으로 전세가격 상승세가 이어졌다. 비강남권에서는 직주근접 중저가 아파트 위주로 전세가격이 올랐고, 강남은 대치동 아파트가 오름세를 주도했다. 여경희 수석연구원은 ""서울까지의 교통 접근성이 좋은 지역을 비롯해 3기 신도시 예정지역에 전세수요가 꾸준히 유입되는 분위기""라고 분석했다."
186,동아일보,2020.11.06," 홍 부총리는 ""이른 시일 내 전세시장이 안정되도록 정부도 노력하고 있다""며 ""정부도 상황을 모니터링하고 있다""고 밝혔다."
187,연합뉴스,2020.11.05," 전세물건 부족으로 전세난이 심화하면서 전국의 집값도 함께 들썩이고 있다. 중랑구는 이번 주 0.08% 올라 2018년 10월 첫째 주 이후 2년 1개월 만에 가장 큰 폭으로 올랐고, 서울 자치구 중 최고 상승률을 기록했다."
188,파이낸셜뉴스,2020.11.08," 정부가 격화되는 전세시장 불안을 잠재우기 위한 추가대책을 이르면 이번주 발표할 전망이다. 특히, 주무부처인 국토교통부는 전세대책으로 거론되는 매입임대 공급확대에 부정적 입장을 취하고 있어 조기 대책 발표를 상당히 난처해 하는 분위기다."
189,헤럴드경제,2020.11.07, 11월 첫째 주 서울 아파트 매매가격은 지난주보다 상승폭이 확대됐다. 서울 아파트 전세가격은 2015년 11월 첫째 주 이후 가장 큰 상승폭을 기록하는 중이다.
190,서울경제,2020.11.06, 김현미 국토교통부 장관이 전세시장 불안과 관련 신규 규제를 도입하는 것에 대해 부정적 입장을 피력했다. 김현미 장관은 6일 국회 국토교통위원회 예산안 심의에 출석해 신규계약에 대한 전월세 상한제 도입에 대해 부정적 의견을 밝혔다.
191,머니투데이,2020.11.06," 김현미 국토교통부 장관은 박광온 더불어민주당 의원이 발의한 '전세 3+3년' 주택임대차보호법 개정안과 관련 정부도 검토하고 있냐는 질문에 ""현재는 검토하고 있지 않다""고 밝혔다. 이낙연 더불어민주당 대표가 언급한 '주택 및 지역개발부 신설'과 관련해서도 김 장관은 ""사전에 논의한 바 없다""고 말했다."
192,국민일보,2020.11.06," 최근 전세 매물실종 현상이 심화하면서 전세난이 전국적인 현상으로 퍼지고 있지만, 정부는 아직까지 뾰족한 해법을 내놓지 못하고 있다. 이어 홍 부총리는 ""확실한 대책이 있으면 정부가 했을 것""이라며 ""추가로 할 수 있는 최대한의 고민을 하고 있다""고 덧붙였다."
193,서울경제,2020.11.06," 서울 아파트 전세의 공급과 수요 불균형이 역대 최악을 기록한 것으로 나타났다. 서울 전세수급지수가 과거 '전세 대란'이 나타났던 2013년, 2015년을 훌쩍 웃도는 수치를 기록한 것이다. 6일 한국감정원에 따르면 지난 2일 기준 서울 아파트 전세수급지수는 130.1을 기록했다."
194,머니투데이,2020.11.08, 기획재정부와 국토교통부가 전세대책을 마련하는데 골머리를 앓고 있지만 금융위원회는 한 발짝 물러나 있다.
195,한국경제,2020.11.08, 너무 오른 수원 집값·전세값…그나마 규제덜한 화성·오산으로
196,중앙일보,2020.11.08, 정부가 최근 전세난의 원인으로 저금리 정책을 지목해서다. 8일 한국감정원에 따르면 지난달 전국 아파트 전세가격지수는 99.8로 전월대비 0.71% 상승했다.
197,머니S,2020.11.08, 매매가 대비 전세가비율이 상대적으로 낮은 서울 강남 재건축아파트에선 한달도 안돼 보증금이 두배 이상 급등하는 현상이 나타났다. 전세난 심화를 틈타 집주인들이 전세금을 마구잡이로 올리는 탓도 있지만 궁극적으론 정부가 집값 거품의 주범으로 '갭투자'를 지목하며 주택담보대출을 막자 전셋값 인상으로 맞서는 양상이다.
198,뉴시스,2020.11.06," 5대 시중은행의 전세대출 잔액이 지난달 2조500억원 가량 불어나며 총 잔액 기준 100조를 돌파했다. 이로 인해 은행권은 당분간 전세대출 수요 증가는 계속될 것으로 보고 있다. 한 시중은행 관계자는 ""전세대출의 경우 실수요자를 대상으로 한 대출이기 때문에 금융당국도 섣불리 개입하기 어렵다""며 ""주택 공급이 늘어나면 주택담보대출과 전세대출 수요는 늘어날 수 밖에 없고, 전셋값이 계속해서 오르고 있기 때문에 전세대출이 증가하고 있는 상황""이라고 설명했다."
199,파이낸셜뉴스,2020.11.03," 주요 5대 은행의 가계대출 증가폭이 10월 재차 증가하며 8조원대에 달하는 것으로 나타났다. 금융당국 관계자는 ""6~8월 급증했던 주택거래 잔금대출 수요 등 여파가 아직 있을 것으로 짐작된다""라며 ""현재로서는 예의주시하겠다는 종전 입장에서 바뀌는 건 없다""고 했다. 국내 18개 은행은 금융당국 행정지도에 따라 9월부터 연말까지 신용대출 증가폭을 월평균 2조원대로 맞추기로 한 지 한 달 만에 증가폭이 다시 확대됐다."
200,조선비즈,2020.11.04," 김현미 국토교통부 장관이 4일 전⋅월세 보증금을 은행으로부터 대출받는 전세자금대출에 대해 ""굉장히 많이 늘어 관리가 필요하다""고 했다. 김 장관은 전셋값이 오르는 것에 대해서도 ""금리가 떨어져서 그렇다""며 전세대출을 탓했다."
201,헤럴드경제,2020.11.04," 김현미 국토교통부 장관은 전세시장 물량 부족 현상에 대해 ""계약갱신 청구권 행사 때문""이라고 4일 진단했다. 김 장관은 ""확정일자 받은 내역을 전부 자료 분석을 해보니까 지난해하고 올해하고 전세 비율과 월세 비율에는 거의 의미 있는 변화가 없는 상태""라고 설명했다. 이어 김 장관은 전세난에 대해 ""계약갱신청구권을 행사하면서 계약을 연장해 그대로 사는 세입자들이 늘면서 자연스럽게 공급량이 줄었기 때문""이라고 진단했다."
202,이데일리,2020.11.07," 다음주 한국은행은 지난달 은행의 가계대출 규모를 발표한다. 전셋값 상승이 이어지고 있는 상황에서 지난달 금융통화위원회 회의에서는 이로 인한 가계부채 증가에 대한 우려도 쏟아진 것으로 확인됐다. 지난달 금통위 의사록에 따르면 한 위원은 ""전세가격 상승은 주거비를 통해 소비자물가 상승률에 영향을 미칠 뿐만 아니라 전세자금대출이 늘어나는 요인으로 작용하여 가계부채 문제를 부각시킨다""며 ""특히 전세자금 대출이 대부분 보증부 대출인 점을 고려하면 가계의 채무상환능력 문제를 넘어 정부의 재정부담과 연관된 이슈로도 볼 여지가 있다""고 지적했다."
203,파이낸셜뉴스,2020.11.05, 더불어민주당이 임차인의 거주 기간을 현재 4년에서 6년으로 확대하는 주택임대차보호법 개정안을 발의했다.
204,서울경제,2020.11.03," 전세난이 심각한 가운데 김현미 국토교통부 장관은 3일 ""전세시장을 안정화 할 수 있도록 도울 수 있는 문제에 대해 정부 내 논의 진행 중""이라고 밝혔다. 김 장관은 ""시중에 유동성이 굉장히 많이 몰리면서 많은 사람이 전세대출이 그 사이에 또 급증했다""며 ""그러한 것들이 전체적으로 전셋값 상승에 결합되서 나타났다고 본다""고 주장했다. 이어 ""저금리 때문에 시장에 유동성이 과잉이 되어서 전세대출이 지금 다른 해에 비해서 2배 정도 늘었다""고 덧붙였다."
205,한국경제,2020.11.04," 김현미 국토교통부 장관이 부동산 전세가 월세로 전환되고 있다는 분석에 대해 ""그렇지 않다""고 반박했다. DSR 규제 강화 필요성에 대해선 동의의사를 밝혔다."
206,한겨레,2020.11.02," 전세보증금을 은행으로부터 대출받는 전세자금대출이 최근 4년 사이 3배 이상 급증한 것으로 나타났다. 한 은행 관계자는 ""신용대출 등으로는 빌릴 수 없는 큰 돈을 전세대출은 저리로 빌려주다보니, 실제로는 전세보증금을 자기 돈으로 낼 수 있는 이들도 전세대출을 받아 갭투자나 주식투자 등을 하는 경우가 생겨났다""고 말했다. 서영수 키움증권 연구원은 ""점점 확대된 전세자금 대출 지원 정책이 전세가격 안정 등 서민 주거안정보다 사실상 주택시장 부양의 수단으로 이용됐다""고 말했다."
207,조선비즈,2020.11.02," 김상조 청와대 정책실장이 2일 부동산 시장에 대해 ""6·7·8월 정부 부동산 대책으로 매매시장 안정세는 자리를 잡아가고 있다""며 ""다만 서민들의 전세 시장에 불안정성이 있다는 것, 정부가 잘 알고 있다""고 말했다. 김 실장은 이날 SBS 방송 '뉴스8'에 출연해 이같이 말하고 ""과거에도 전세 계약기간을 1년에서 2년으로 늘렸을 때 7개월 정도 전세시장이 과도기적 불안정성이 있었다""고 했다. 그는 ""이번 임대차 3법 도입과 민간 매입 임대 제도 사실상 폐지 등 급격한 시장 구조 변화가 있어 과도기가 길어질 수 있다""며 ""정부는 과도기 기간에도 전세시장 안정을 통해 서민들의 불편함을 덜어주기 위한 대책을 마련 중""이라고 했다."
208,머니투데이,2020.11.07," 계약갱신청구권, 전월세상한제 등 임대차2법으로 촉발된 전세난이 단기간에 해결되지 않을 것이란 우려가 크다. 전병옥 아실 공동대표는 ""서울은 재개발, 재건축 등 정비사업 규제로 신규 공급이 감소하는 추세고 신규 택지개발도 쉽지 않아 단기간 공급을 대규모로 늘리기 어려운 환경""이라며 ""입주 물량과 적정 수요의 갭이 벌어질수록 전세 물량은 더 부족해질 수 있다""고 설명했다. 그렇지 않아도 임대차2법 여파로 서울 아파트 전세 매물 잠김이 확산하는 상황에서 신규 공급까지 축소되면 전세난이 더 장기화될 수 있다는 것이다."
209,뉴스1,2020.11.06," 서울 아파트 전세난이 중저가 아파트값을 밀어 올리고 있다. 결국 전세난이 서울 아파트값을 자극한 셈이다. 서울 아파트 전셋값은 71주 연속 상승했고, 최근 상승폭도 확대하는 모습이다."
211,동아일보,2020.11.06, 7월 임시국회에서 이른바 '부동산 3법'을 단독으로 밀어붙였던 더불어민주당이 심각한 전세난 등 후유증으로 인해 부랴부랴 후속 입법에 나서고 있다. 앞서 올 7월 국회 법제사법위원장인 민주당 윤호중 의원도 계약갱신요구권을 최대 6년까지 보장하는 주택임대차보호법 개정안을 발의한 바 있다. 시장에서는 4년 갱신을 가능하게 한 현행 법령만으로도 전월세 가격이 폭등하는 상황에서 갱신 기간이 6년으로 늘어나면 혼란이 가중될 수 있다는 우려가 나온다.
212,아시아경제,2020.11.03," 연이어 급증하던 주요 시중은행의 '대기자금'이 지난달 대폭 감소한 것으로 나타났다. 시중은행 관계자는 ""전셋값이 워낙 가파르게 상승하다보니 전세대출만으로는 조달이 안되는 경우도 많을 것이고, 이런 경우 대기자금이 대거 유출될 수 있다""고 분석했다."
213,매일경제,2020.11.03, 10억원 상당의 시세차익이 기대되는 '로또 청약' 과천 지식정보타운 3개 단지의 1순위 청약에 47만8390건의 청약이 접수됐다. 전날 청약한 특별공급 물량에 9만1441개의 통장이 몰린 것을 합치면 이틀간 약 57만명이 몰렸다.
78,연합뉴스,2020.11.01, 이런 영향으로 서울의 아파트 전셋값은 최근 3주 연속 0.08% 상승으로 횡보하다가 지난 주 0.10% 오르며 4주 만에 다시 상승 폭을 키웠다. 수도권 아파트 전셋값도 지난 주 0.23% 상승하면서 5년 만에 가장 큰 폭으로 올랐다.
80,연합뉴스,2020.11.01," 정부가 지난 7월 31일 계약갱신청구권제와 전월세상한제를 골자로 한 새 주택임대차보호법을 시행한 지 석 달이 지났지만 전·월세 시장의 불안은 심화하는 양상이다. 서진형 경인여대 교수는 ""정부가 임대차 시장 정책의 방향 전환이 쉽지 않은 상황에서 등록임대주택 사업자에 대한 세제 감면 대책을 통해 공급을 늘리지 않으면 현 임대차 시장의 전세난을 타개하기 쉽지 않다""고 분석했다. 권 교수도 ""현재의 전세난을 극복하려면 당장 입주 가능한 물량을 늘려야 한다""며 ""등록임대사업자들에게 부과하는 양도소득세를 일시적으로 낮춰 물량을 매도할 수 있는 길을 터야 한다""고 제시했다."
81,디지털타임스,2020.11.01," 정부의 새 임대차법이 시행 3개월을 맞았지만 집주인과 세입자간 갈등이 지속되면서 부동산 민심이 연일 들끓고 있다. 이어 ""부동산 시장에도 엄연히 규칙이 있는 건데 근시안적인 정책 남발로 휘저어놓더니 급기야 세입자에게 돈을 줘야 한다는 법도, 상식도 아닌 아무것도 아닌 선례를 몸소 보이냐""고 지적했다."
82,서울경제,2020.11.01, 새 임대차법이 시행된 지 석 달이 지나면서 전월세 시장에 꼼수가 넘쳐나고 있다. 세입자가 새 집을 계약한 상태라면 다시 청구권을 행사하기 어렵다는 점을 이용하는 것이다. 세입자에게 '실거주하겠다'며 퇴거를 요구한 뒤 세입자가 집을 구할 때 쯤 '부득이한 사정이 있어 실거주를 못하게 됐다'고 말을 바꾸는 방법도 회자되고 있다.
83,뉴시스,2020.11.01," 지난달 30일 서울 마포구 대장주로 불리는 마포래미안푸르지오 단지의 한 공인중개업소 대표는 주택 임대차시장과 관련한 뉴시스 취재진에 질문에 ""전세를 기다리는 대기자들은 많은데, 매물이 워낙 귀하다 보니 보름새 1억원씩 오를 정도로 집주인이 부르는 게 값""이라고 말했다. 서울 아파트 전셋값이 70주 연속 상승하고, 수도권 전셋값도 5년여 만에 최대로 상승하면서 전세대란이 현실화하고 있다. 전세 매물이 자취를 감추면서 전셋값 상승세가 좀처럼 꺾이지 않고 있다."
84,동아일보,2020.11.01, 서울 아파트 전세 중위가격이 임대차2법 시행 석 달 만에 약 4000만 원이 뛰어 사상 처음으로 5억 원을 넘어섰다.
85,서울경제,2020.11.01," KB국민은행의 지난 10월 전국 전세수급지수가 191.1로 20여년 만에 최고치를 기록하자 전문가들은 임대차법 시행이 부른 예견된 결과라고 입을 모은다. 전세난에 세입자들 아파트 사자=전세난이 해소될 기미가 보이지 않는 가운데 매물 절벽, 전셋값 급등에 지친 세입자들이 '내 집 마련'으로 선회하고 있다."
87,연합뉴스,2020.10.28," 전세난이 심화하고 있는 가운데 문재인 대통령이 28일 국회 시정연설을 통해 ""전세 시장을 기필코 안정시키겠다""는 메시지를 발신, 추후 대책에 관심이 쏠린다. 국토교통부는 ""임대차 3법 시행 전 규제 회피 등으로 서울 주간 전세가격 변동률이 상승하는 등 일부 영향이 있을 수 있지만, 법 시행 이후 제도가 정착됨에 따라 점차 안정될 것""이라고 밝혔다. 정부의 적극적인 정책 설명 등이 뒤따른다면 임대차 3법 적용 및 해석을 둘러싼 현장의 혼선이 해소되는 동시에 궁극적으로 전세 시장 안정으로 이어질 것이라는 설명이다."
88,서울경제,2020.11.01," 국토교통부와 여당이 전세가 상승 원인을 '저금리'라고 설명한 가운데, 미국의 뉴욕이나 샌프란시스코, 영국 런던, 싱가포르 등 해외의 주요 도시에서는 임대료가 급락하고 있다. 윤주상 홍익대학교 도시건축대학원 교수는 ""금리의 변동은 임대차 시장이 아닌 부동산 매매시장에서 영향을 미치는 요인이다. 대출을 받아 집을 살 때 금리가 저렴하면 투자 수익률이 높아지기 때문""이라며 ""반대로 임대차 시장은 투자수익이 없는 100% 실거주, 실수요 시장으로 수요와 공급의 논리로 가격이 결정되는 구조다""고 지적했다."
92,파이낸셜뉴스,2020.10.28," 문재인 대통령은 28일 ""주택공급 확대를 차질없이 추진하며 신혼부부와 청년의 주거 복지에도 만전을 기하겠다""고 밝혔다. 문 대통령은 이날 국회에서 열린 '2021년도 예산안 시정연설'에서 ""부동산 시장 안정과 실수요자 보호, 투기 억제에 대한 정부의 의지는 단호하다""며 이같이 말했다."
93,뉴시스,2020.10.31," 송인호 한국개발연구원 부장은 ""기존 세입자는 이득이지만, 신규 계약자의 경우 임대차3법이 임대인 우위 상황을 강화하는 기폭제 역할을 하면서 오히려 불안요인으로 작용하고 있다""면서 ""정책이 어떤 계층, 연령, 주거 유형에 대해 어떻게 작용할지 분석이 필요했는데, 그런 절차 없이 일괄적이고 전방위적으로 시행되다보니 한계점이 있다""고 지적했다. 박원갑 KB국민은행 WM스타자문단 부동산수석전문위원도 ""기존 세입자들은 혜택을 받았지만, 기존 세입자는 유통 매물이 줄고 전셋값 상승에 따라 기존에 살던 곳에서 정주 여건이 악화되는 등 희비가 엇갈리고 있다""면서 ""정책이 수급 불균형을 일으키는 면도 있어 수도권 고비용 주거 구조가 고착화되지 않을까 우려가 크다""고 말했다."
94,뉴스1,2020.10.29, 집값과 전셋값이 연일 상승세를 지속하는 가운데 임대차보호법 등 정부의 부동산 대책이 제대로 효과를 나타내지 못하면서 국민들의 호소가 이어지고 있다. 문재인 정부가 폭등시킨 집값을 원상회복시켜라'란 제목의 청원 글은 동의 인원 1만2000명을 넘어서며 '교통·건축·국토' 분야 최다 추천 청원으로 올라섰다. 최근엔 정부의 부동산 대책 부작용을 지적한 '문재인 정부 부동산 정책으로 결혼을 포기하기에 이르렀습니다'란 청원 글이 젊은 층의 주거 불안감을 대변하면서 주목받고 있다.
95,조선일보,2020.10.28," 최근 전세난 등 부동산 문제와 관련해 홍남기 경제부총리가 ""임대차3법 등 정책이 정착되는 과정에서 나오는 과도기적인 현상""이라고 밝혔다. 홍남기 경제부총리는 28일 제9차 부동산시장 점검 관계장관회의에서 ""현 전세 시장은 임대차 3법 등 새로운 제도가 정착되어 가는 과도기적 상황에서 다양한 정책외 요인도 시장에 복합적으로 영향을 미치고 있다""며 이같이 밝혔다."
96,아시아경제,2020.10.29," 현실과 동떨어진 정부의 전·월세 시장 진단과 해법에 대한 시장의 실망과 분노가 확산하고 있다. 정부와 여당이 무리하게 도입한 계약갱신청구권제, 전·월세상한제 등 임대차 2법으로 시장에서는 전세대란이 벌어지고 있는데도 '저금리', '인구 감소로 따른 가구 분화' '전 정권 탓' 전혀 다른 원인을 언급하고 있어서다. 정작 사태의 직접적 원인인 임대차 2법에 대해서는 ""차질없는 시행""만 반복하면서 시장의 불만을 증폭시키고 있다."
97,디지털타임스,2020.10.29," 문재인 대통령은 임대차 3법을 조기에 안착시켜 전셋값을 안정시키겠다고 밝혔지만 임대차 3법은 석달째 혼란이 지속되고 있으며 전셋값도 좀처럼 꺾일 기미를 보이지 않고 있다. 송파구는 지난주 0.11%에서 이번주 0.19%로 전셋값이 가장 많이 올랐고 강남구가 같은 기간 0.10%에서 0.18%, 서초구는 0.10%에서 0.16%로 상승폭이 커졌다."
98,디지털타임스,2020.10.27," 정부의 새 임대차법 시행 후 집주인들의 피해 사례가 끊이지 않지만, 정부가 의도적으로 이들 집주인의 목소리를 외면하고 있다는 지적이 제기됐다. 상황이 이렇자 집주인들의 불만이 높아지면서 급기야 청와대 국민청원 게시판에는 이날 '위헌적인 임대차 3법을 폐기해 주시기 바랍니다'라는 제목의 청원 글이 등장했다. 청원자는 새 임대차법 시행 후 실거주할 사람과 계약했지만 세입자의 계약갱신청구권 사용으로 계약이 파기돼 계약금을 변상한 경우, 현재 전셋집의 임대 보증금을 보태서 매매계약을 하고 잔금을 치렀는데 기존 세입자가 나가질 않아 오갈 데가 없는 사람, 전세 만기가 되어 나간다고 했던 세입자가 위로금 명목으로 수천만원을 요구하는 사례 등 주택 임대차 시장의 현 실태를 고발했다."
99,뉴스1,2020.10.26," 정부가 전세시장을 안정시키겠다며 전월세상한제, 계약갱신청구권 등 '임대차보호법'을 시행한 지 3개월이 다 됐지만, 대책 이후 전세 매물은 씨가 말라 전세난이 심화하고, 전셋값은 연일 고공행진을 이어가 세입자들의 불안감이 커지고 있다. 임대차법 개정을 주도한 홍남기 부총리 겸 기획재정부 장관마저도, 집주인이 실거주 의사를 밝힘에 따라 새로운 전세를 찾아야 하는 전세난의 피해 당사자가 돼 국가적인 조롱거리가 되기도 했다. 청와대 국민청원 게시판과 주요 부동산 커뮤니티 등에는 임대차보호법 개정 3개월이 다 되도록 임대차법에 대한 피해 및 대책 요구, 이로 인해 갈등을 겪는 집주인과 세입자의 사연들이 연일 올라오고 있다."
100,매일경제,2020.10.28," 문재인 대통령이 28일 국회에서 열린 '2021년도 예산안 제출 시정연설'에서 ""부동산시장 안정, 실수요자 보호, 투기 억제에 대한 정부의 의지는 단호하다""며 ""임대차 3법을 조기에 안착시키고, 질 좋은 중형 공공임대아파트를 공급해 전세 시장을 기필코 안정시키겠다""고 강조했다."
101,한겨레,2020.10.29," 서민 주거안정을 위한 개정 '임대차 3법'이 시행된 지 석달이 지나면서 전월세시장 향방에 관심이 쏠리고 있다. 그러나 임대차 3법 시행 이후 전월세 계약 물량 통계를 보면, 전세의 감소와 월세 증가 현상은 눈에 띄지 않고 있다."
102,서울경제,2020.10.30, 서울 아파트 전세 가격이 천정부지로 치솟는 가운데 보증금이 1년 전 매매가를 추월하는 사례가 서울 주요 단지 곳곳에서 포착되고 있다. 이처럼 올해 전세가가 지난해 매매가를 역전한 사례는 특히 중저가 아파트가 밀집한 노원·도봉·강북·중랑구 등의 외곽 지역에서 주로 나타났다.
104,매경이코노미,2020.10.28, 전세 만기를 앞두고 집주인이 갑자기 실거주하겠다는 의사를 밝히면서 머지않아 전셋집을 빼야 할 처지다.
105,경향신문,2020.10.30, 최근 집값 상승은 문재인 정부의 부동산 실정 때문이라고 응답한 시민이 과반을 차지했다.
106,매경이코노미,2020.10.30," 김종선 BSI경영연구원장은 ""가파른 전셋값 상승세는 당분간 지속될 것으로 본다. 임대차법 개정으로 전세 물량이 실종됐고 재건축·재개발 규제 강화로 신규 주택 공급 역시 충분치 못하다. 여기에 코로나19발 경제 침체로 소득이 줄고 심리가 위축되면 매매에서 전세로 전환하는 수요까지 급증할 것""이라고 전망했다. 전세 공급은 다주택자가 여유 주택을 내놓을 때 비로소 늘어난다. 하지만 요즘처럼 다주택자가 '똘똘한 한 채'로 자산 구성을 바꾸는 상황을 감안하면 조기에 전세 시장이 안정되기는 힘들 것이라는 두성규 한국건설산업연구원 연구위원의 말도 비슷한 맥락이다."
107,파이낸셜뉴스,2020.10.27," 전북 전주시가 코로나19로 경제적 어려움을 겪고 있는 임차인들을 각종 분쟁으로부터 보호할 수 있는 지원체계를 구축한다. 전주시는 오는 12월부터 주택 임차인들에게 임대차 관련 전문적인 상담과 자문 서비스를 제공하기 위한 '주택임대차 분쟁조정자문단'을 운영한다고 27일 밝혔다. 주택임대차 분쟁조정자문단은 교수와 세무사, 공인중개사, 감정평가사 등 부동산 관련 전문가 5인 이내로 구성된다."
108,연합뉴스,2020.10.31, 지방의 전세 공급 부족도 수치로 확인됐다.
109,서울경제,2020.11.01, 새 임대차법이 시행된 지 3개월이 지나면서 전국이 '역대급' 전세난을 겪고 있는 것으로 나타났다. 한마디로 현재 전세대란이 수도권을 넘어 전국으로 확산되고 있다는 의미다.
110,부산일보,2020.11.01," 7월 31일 계약갱신청구권제와 전월세상한제가 시행된 후 3개월이 지난 지금, 전국적으로 전세매물은 급감하고 전세보증금은 뛰면서 전세를 구하는 실수요자들이 분통을 터뜨리고 있다. 부동산 빅데이터 업체인 '아실'에 따르면 임대차법 시행 전인 7월 1일 1만 98건이던 부산지역 전세 매물은 11월 1일 4041건으로 60%가 줄었다."
111,조선일보,2020.11.01, 전·월세 상한제 등을 주요 내용으로 하는 새 임대차법 시행 3개월 만에 전세난을 보여주는 수치가 역대 최악을 기록했다. 지역별로 보면 서울 전세수급지수가 10월 191.8로 2015년 10월 이후 5년 만에 가장 높은 수치를 기록했다.
112,뉴스1,2020.11.01," 정부가 천정부지로 치솟는 전셋값을 잡기 위해 '중형 공공임대 확대'를 추진하기로 했지만 시장의 반응은 싸늘하다. 당장의 전세난을 잡기 위해서는 단기 공급이 필요하지만 중형 공공임대는 장기적인 원칙론에 불과하기 때문이다. 윤지해 부동산114 수석연구원은 ""공급 시기가 관건""이라면서 ""중형 공공임대 확대는 좋은 대책이지만, 사실상 단기 공급이 불가능하다. 당장의 전세난 해소에는 도움이 안 된다""고 지적했다."
113,머니투데이,2020.11.01, 요약문이 적절하지 않아 적당한 본문내용 추출 요약문이 적절하지 않아 적당한 본문내용 추출
115,연합뉴스,2020.10.29," 수도권 아파트 전셋값이 64주 연속 오른 가운데 3주 연속 상승 폭을 키우면서 전세난에 가속도가 붙고 있다. 송파구의 상승률이 지난주 0.11%에서 이번 주 0.19%로 확대됐고, 강남구는 0.10%에서 0.18%, 서초구는 0.10%에서 0.16%로 각각 상승 폭을 키웠다."
117,조선일보,2020.10.30," 연 300만원 소득 공제 혜택 원금과 이자를 함께 갚아나가는 전세 자금 대출 상품이 나온다. 주금공 관계자는 ""이번에 출시되는 전세 자금 대출로 대출 기간 중 원금을 갚아 나가면 그에 따라 이자 부담이 줄어들기 때문에 전세로 거주하며 목돈을 모아 내 집을 마련하려는 무주택자들에게 도움이 될 것""이라며 ""원금과 이자 상환액 합계액의 40%, 연간 300만원 한도까지 소득공제 혜택도 받을 수 있다""고 밝혔다."
119,한국일보,2020.11.01," 전국적인 전세대란이 심화하고 있지만, 정부의 대책 발표는 계속 늦어지고 있다. 정부도 전세난이 매매 시장까지 번질 수 있다고 보고 대책 마련에 손을 놓지는 않겠다는 입장이다. 기재부 관계자는 ""기존 부동산 정책의 근간을 흔들지 않으면서, 전세난 해결에 도움이 될 대책을 다각도로 검토하고 있다""며 ""대책 마련에 속도를 내겠다""고 말했다."
214,뉴스1,2020.11.03, 전문가들은 과거의 사례를 들어 정부가 추진하고 있는 공공임대 주택이 실패하지 않으려면 지속성과 사업성이 필수라고 조언한다. 임 교수는 최근 정부의 중형 공공임대 추진에 대해서는 '공공의 역할을 극대화하기보다는 최소화해야 한다'고 당부했다.
215,디지털타임스,2020.11.03, 국토교통부가 주거복지로드맵에 따른 일정대로 공공임대 주택을 제대로 공급하지 못하고 있다는 지적이 나왔다.
216,머니투데이,2020.11.05, 정부가 추진하는 30평대 중산층 공공임대주택에 연봉 1억원 부부도 들어갈 수 있을 것으로 보인다.
